year,Rank,Picture,name,pinglun,author,chuban,jiage,yuanjia,discount
2018,1.,http://img3m0.ddimg.cn/7/27/25137790-1_l_6.jpg,活着,2980683条评论,余华,2012-08-01,¥21.00,¥28.00,7.5折
2018,2.,http://img3m0.ddimg.cn/28/30/24198400-1_l_14.jpg,我喜欢生命本来的样子(周国平经典散文作品集),708517条评论,周国平,2017-02-01,¥22.10,¥45.00,4.9折
2018,3.,http://img3m0.ddimg.cn/61/3/23444350-1_l_1692697002.jpg,神奇校车・桥梁书版,1524156条评论,乔安娜柯尔,2014-04-01,¥75.00,¥150.00,5.0折
2018,4.,http://img3m8.ddimg.cn/42/6/23967348-1_l_19.jpg,我的第一本地理启蒙书,984886条评论,布鲁斯迪根,2016-06-01,¥24.90,¥49.80,5.0折
2018,5.,http://img3m5.ddimg.cn/56/4/23761145-1_l_13.jpg,人间失格,2223367条评论,施芳,2015-08-01,¥10.00,¥25.00,4.0折
2018,6.,http://img3m1.ddimg.cn/31/4/20039611-1_l_36.jpg,小熊和最好的爸爸,1560075条评论,郑利强,2007-11-01,¥17.50,¥35.00,5.0折
2018,7.,http://img3m0.ddimg.cn/11/18/25093640-1_l_20.jpg,雪落香杉树,306409条评论,段虹,2017-06-18,¥39.00,¥52.00,7.5折
2018,8.,http://img3m1.ddimg.cn/80/1/23778791-1_l_29.jpg,少年读史记,1352991条评论,步印童书,2015-09-01,¥50.00,¥100.00,5.0折
2018,9.,http://img3m8.ddimg.cn/82/19/25252408-1_l_1692697003.jpg,神奇校车・图画书版,1767654条评论,太宰治,2018-05-10,¥99.00,¥198.00,5.0折
2018,10.,http://img3m1.ddimg.cn/93/17/25288851-1_l_35.jpg,你坏,550209条评论,杨伟,2018-06-11,¥19.80,¥39.60,5.0折
2018,11.,http://img3m8.ddimg.cn/92/3/23464478-1_l_10.jpg,东野圭吾：解忧杂货店,2306629条评论,阿兰德・丹姆,2014-05-01,¥29.60,¥39.50,7.5折
2018,12.,http://img3m7.ddimg.cn/52/5/23751637-1_l_1702965714.jpg,浮生六记,1315807条评论,亚历克斯・沃尔夫,2015-08-01,¥16.00,¥32.00,5.0折
2018,13.,http://img3m0.ddimg.cn/64/6/23990140-1_l_46.jpg,正面管教(修订版),2120720条评论,漆仰平,2016-07-01,¥19.00,¥38.00,5.0折
2018,14.,http://img3m6.ddimg.cn/76/35/23427436-1_l_18.jpg,写给儿童的中国历史,1115793条评论,爱桐,2014-04-01,¥177.50,¥355.00,5.0折
2018,15.,http://img3m1.ddimg.cn/66/15/24175371-1_l_1698114189.jpg,作家榜名著：月亮与六便士,1547199条评论,戴维・伽特森,2017-01-10,¥19.90,¥39.80,5.0折
2018,16.,http://img3m7.ddimg.cn/86/32/23694647-1_l_22.jpg,摆渡人,1354776条评论,张嘉骅,2015-06-01,¥19.80,¥36.00,5.5折
2018,17.,http://img3m6.ddimg.cn/83/20/25138856-1_l_7.jpg,马尔克斯：百年孤独,2343537条评论,乔安娜柯尔,2017-08-01,¥39.60,¥55.00,7.2折
2018,18.,http://img3m5.ddimg.cn/26/14/25238195-1_l_3.jpg,追风筝的人,2864192条评论,布鲁斯・迪根,2006-05-01,¥18.00,¥36.00,5.0折
2018,19.,http://img3m9.ddimg.cn/58/23/24026269-1_l_1691482286.jpg,所谓情商高，就是会说话,811106条评论,大冰,2016-09-01,¥23.00,¥32.00,7.2折
2018,20.,http://img3m4.ddimg.cn/58/12/25209814-1_l_10.jpg,生活需要仪式感 ,588516条评论,博集天卷,2017-12-20,¥14.40,¥36.00,4.0折
2018,21.,http://img3m2.ddimg.cn/62/32/25119332-1_l_19.jpg,东野圭吾：白夜行,2134486条评论,东野圭吾,2017-08-09,¥32.70,¥59.60,5.5折
2018,22.,http://img3m3.ddimg.cn/81/7/23055003-1_l_30.jpg,小王子,1012012条评论,新经典,2013-01-01,¥23.00,¥32.00,7.2折
2018,23.,http://img3m4.ddimg.cn/32/35/23579654-1_l_6.jpg,三体：全三册 刘慈欣代表作，亚洲“雨果奖”获奖作品！,2263421条评论,安托万·德·圣埃克苏佩里,2010-11-01,¥51.20,¥93.00,5.5折
2018,24.,http://img3m4.ddimg.cn/32/28/22819334-1_l_1694406380.jpg,围城,1217910条评论,李继宏,1991-02-01,¥29.20,¥39.00,7.5折
2018,25.,http://img3m5.ddimg.cn/98/7/23445575-1_l_17.jpg,万历十五年 一本好书 腾讯视频栏目推荐,899789条评论,果麦文化,2006-06-01,¥16.90,¥26.00,6.5折
2018,26.,http://img3m9.ddimg.cn/74/1/23685329-1_l_49.jpg,岛上书店,1320053条评论,刘慈欣,2015-05-08,¥24.10,¥35.00,6.9折
2018,27.,http://img3m1.ddimg.cn/51/7/23964981-1_l_1691565011.jpg,自在独行 贾平凹的独行世界,916390条评论,钱钟书,2016-05-01,¥28.00,¥39.00,7.2折
2018,28.,http://img3m0.ddimg.cn/97/1/25081450-1_l_10.jpg,魔法拼音国,305806条评论,黄仁宇,2017-05-01,¥49.00,¥98.00,5.0折
2018,29.,http://img3m9.ddimg.cn/77/23/25295369-1_l_1691567405.jpg,云边有个小卖部,1602212条评论,加·泽文,2018-07-01,¥28.00,¥42.00,6.7折
2018,30.,http://img3m2.ddimg.cn/41/25/25090502-1_l_7.jpg,平凡的世界：全三册,1449694条评论,读客文化,2017-06-01,¥84.20,¥108.00,7.8折
2018,31.,http://img3m0.ddimg.cn/23/18/23566280-1_l_20.jpg,果麦经典：人性的弱点,735323条评论,贾平凹,2014-09-01,¥16.00,¥32.00,5.0折
2018,32.,http://img3m1.ddimg.cn/40/29/25146931-1_l_14.jpg,我不,760857条评论,时代华语,2017-09-01,¥19.50,¥39.00,5.0折
2018,33.,http://img3m8.ddimg.cn/27/20/25126128-1_l_1693207079.jpg,月亮和六便士,617827条评论,姜自霞,2017-09-01,¥12.20,¥27.00,4.5折
2018,34.,http://img3m0.ddimg.cn/12/14/24242340-1_l_22.jpg,半小时漫画中国史,647820条评论,张嘉佳,2017-04-01,¥19.95,¥39.90,5.0折
2018,35.,http://img3m6.ddimg.cn/7/21/23546266-1_l_12.jpg,夏洛的网,985402条评论,博集天卷,2014-08-01,¥18.20,¥26.00,7.0折
2018,36.,http://img3m2.ddimg.cn/16/23/25163242-1_l_30.jpg,摆渡人2：重返荒原,429630条评论,路遥,2017-09-01,¥23.50,¥42.80,5.5折
2018,37.,http://img3m4.ddimg.cn/49/29/24041704-1_l_13.jpg,东野圭吾：恶意,823187条评论,新经典,2016-11-01,¥26.30,¥39.50,6.7折
2018,38.,http://img3m8.ddimg.cn/61/20/23716798-1_l_1.jpg,霍乱时期的爱情,594686条评论,戴尔·卡耐基,2015-06-01,¥37.10,¥49.50,7.5折
2018,39.,http://img3m8.ddimg.cn/61/18/25100818-1_l_15.jpg,红星照耀中国  青少版 八年级上册 人民文学出版社 团购电话40010,900625条评论,陶曚,2017-06-01,¥14.80,¥33.00,4.5折
2018,40.,http://img3m8.ddimg.cn/53/15/23604128-1_l_13.jpg,皮囊,776586条评论,果麦文化,2014-12-01,¥29.80,¥39.80,7.5折
2018,41.,http://img3m1.ddimg.cn/37/13/25062481-1_l_29.jpg,诺奖少年版,582538条评论,海明威,2017-04-01,¥237.60,¥528.00,4.5折
2018,42.,http://img3m3.ddimg.cn/68/20/23271503-1_l_25.jpg,断舍离,1101914条评论,罗曼・罗兰,2013-07-01,¥25.20,¥32.00,7.9折
2018,43.,http://img3m0.ddimg.cn/9/27/22880790-1_l_2.jpg,我们仨,957199条评论,塞尔玛・拉格洛夫,2003-07-01,¥15.80,¥23.00,6.9折
2018,44.,http://img3m1.ddimg.cn/88/17/25180441-1_l_19.jpg,好看的皮囊千篇一律，有趣的灵魂万里挑一,433989条评论,小当当童书馆,2017-11-01,¥17.90,¥39.80,4.5折
2018,45.,http://img3m2.ddimg.cn/17/7/24044642-1_l_19.jpg,如何说孩子才会听 怎么听孩子才肯说,1099333条评论,山下英子,2016-09-01,¥18.40,¥36.80,5.0折
2018,46.,http://img3m0.ddimg.cn/35/24/24516890-1_l_7.jpg,一只特立独行的猪,391738条评论,杨绛,2017-04-01,¥27.30,¥35.00,7.8折
2018,47.,http://img3m2.ddimg.cn/94/24/24030562-1_l_31.jpg,百年童话绘本・典藏版,229104条评论,老杨的猫头鹰,2016-09-15,¥236.80,¥444.00,5.3折
2018,48.,http://img3m4.ddimg.cn/49/19/25284154-1_l_29.jpg,我们仨,1629473条评论,玛兹丽施,2018-06-01,¥21.00,¥28.00,7.5折
2018,49.,http://img3m5.ddimg.cn/64/16/24194575-1_l_11.jpg,在教室说错了没关系,422063条评论,安燕玲,2017-02-01,¥18.00,¥36.00,5.0折
2018,50.,http://img3m5.ddimg.cn/20/15/23808035-1_l_2.jpg,这就是二十四节气,632585条评论,青豆书坊,2015-09-01,¥50.00,¥100.00,5.0折
2018,51.,http://img3m5.ddimg.cn/8/24/24015725-1_l_25.jpg,你的善良必须有点锋芒,560400条评论,王小波,2016-09-01,¥16.40,¥32.80,5.0折
2018,52.,http://img3m6.ddimg.cn/15/26/25160766-1_l_4.jpg,许三观卖血记,468321条评论,新经典,2017-09-12,¥24.00,¥32.00,7.5折
2018,53.,http://img3m9.ddimg.cn/34/33/25252459-1_l_1698105949.jpg,半小时漫画世界史,247351条评论,莱曼・弗兰克・鲍姆,2018-04-20,¥19.95,¥39.90,5.0折
2018,54.,http://img3m2.ddimg.cn/96/32/25285092-1_l_5.jpg,天才在左 疯子在右(全新完整版),1591216条评论,格林兄弟,2018-05-01,¥35.80,¥49.80,7.2折
2018,55.,http://img3m0.ddimg.cn/7/28/23932960-1_l_16.jpg,阿米巴经营――畅销十周年纪念版，当当专享,276941条评论,安徒生,2016-03-01,¥15.80,¥35.00,4.5折
2018,56.,http://img3m6.ddimg.cn/25/12/23490646-1_l_6.jpg,东野圭吾：嫌疑人X的献身,877762条评论,张荣梅,2014-06-01,¥24.10,¥35.00,6.9折
2018,57.,http://img3m1.ddimg.cn/83/1/23323691-1_l_22.jpg,曹文轩文集典藏版,423882条评论,小当当童书馆,2013-09-01,¥84.00,¥168.00,5.0折
2018,58.,http://img3m5.ddimg.cn/69/27/463785-1_l_2.jpg,时间简史,724983条评论,杨绛,2014-06-01,¥32.40,¥45.00,7.2折
2018,59.,http://img3m2.ddimg.cn/34/20/23483032-1_l_9.jpg,我爸爸+我妈妈,462097条评论,莳田晋至,2014-05-01,¥63.70,¥71.60,8.9折
2018,60.,http://img3m3.ddimg.cn/15/4/24044343-1_l_17.jpg,写给儿童的中国地理,377975条评论,长谷川知子,2016-09-01,¥196.00,¥392.00,5.0折
2018,61.,http://img3m9.ddimg.cn/92/8/25268159-1_l_15.jpg,那不勒斯的萤火,222918条评论,马西米利亚诺,2018-05-01,¥21.00,¥42.00,5.0折
2018,62.,http://img3m1.ddimg.cn/77/0/25072421-1_l_1687940577.jpg,外婆的道歉信,661835条评论,威尔吉利奥,2017-05-01,¥21.00,¥42.00,5.0折
2018,63.,http://img3m8.ddimg.cn/55/35/23257828-1_l_15.jpg,不一样的卡梅拉手绘本,942692条评论,白马时光,2013-06-01,¥60.00,¥120.00,5.0折
2018,64.,http://img3m8.ddimg.cn/64/22/25247638-1_l_19.jpg,谈判：如何在博弈中获得更多(第四版)Everything is Negotiable,268392条评论,弗雷德里克・巴克曼,2018-04-06,¥33.70,¥45.00,7.5折
2018,65.,http://img3m8.ddimg.cn/34/5/23174548-1_l_10.jpg,独一无二的你+勇敢做自己,325251条评论,孟汇一,2013-02-01,¥29.00,¥58.00,5.0折
2018,66.,http://img3m8.ddimg.cn/40/16/25165048-1_l_9.jpg,去旅行系列,128764条评论,果麦文化,2017-09-01,¥97.20,¥216.00,4.5折
2018,67.,http://img3m5.ddimg.cn/39/23/9284655-1_l_14.jpg,斯凯瑞金色童书・第一辑,444084条评论,克利斯提昂,2007-05-01,¥53.20,¥83.20,6.4折
2018,68.,http://img3m7.ddimg.cn/84/13/23715237-1_l_15.jpg,人间词话,606975条评论,约里波瓦,2015-06-01,¥13.40,¥29.80,4.5折
2018,69.,http://img3m8.ddimg.cn/35/10/23274638-1_l_19.jpg,追风筝的人,1919673条评论,郑迪蔚,2006-05-01,¥14.50,¥29.00,5.0折
2018,70.,http://img3m9.ddimg.cn/21/7/25204629-1_l_25.jpg,原则：桥水创始人瑞达利欧作品，半个金融圈、投资界、管理层都在,370886条评论,克利斯提昂,2018-01-01,¥49.00,¥98.00,5.0折
2018,71.,http://img3m9.ddimg.cn/22/7/24186019-1_l_19.jpg,人类简史：从动物到上帝,801192条评论,艾利施,2017-01-01,¥34.00,¥68.00,5.0折
2018,72.,http://img3m3.ddimg.cn/10/14/20971873-1_l_18.jpg,瓦尔登湖(珍藏本) 朗读者朗读书目,626334条评论,盖温・肯尼迪,2010-12-01,¥14.00,¥28.00,5.0折
2018,73.,http://img3m9.ddimg.cn/81/1/25272999-1_l_1698105944.jpg,半小时漫画中国史2,647820条评论,Gavin,2018-05-31,¥19.95,¥39.90,5.0折
2018,74.,http://img3m4.ddimg.cn/91/33/24242914-1_l_6.jpg,三毛全集02：撒哈拉的故事,436701条评论,Kennedy,2017-04-01,¥24.10,¥35.00,6.9折
2018,75.,http://img3m5.ddimg.cn/60/0/23407125-1_l_1.jpg,目送：龙应台“人生三书”之三,665904条评论,克兰兹,2014-01-01,¥36.90,¥43.00,8.6折
2018,76.,http://img3m2.ddimg.cn/21/30/22478862-1_l_1.jpg,上下五千年,369469条评论,薛亚男,2011-07-01,¥51.90,¥88.00,5.9折
2018,77.,http://img3m2.ddimg.cn/1/27/23718322-1_l_16.jpg,无声告白,543671条评论,100层童书馆,2016-09-01,¥21.30,¥35.00,6.1折
2018,78.,http://img3m6.ddimg.cn/66/10/25272786-1_l_24.jpg,窗边的小豆豆(2018版),1698491条评论,阿梅莉・卡斯唐,2018-05-01,¥27.20,¥39.50,6.9折
2018,79.,http://img3m9.ddimg.cn/93/8/25092039-1_l_4.jpg,活着,583613条评论,纳塔莉・佩泰斯,2017-06-01,¥23.30,¥35.00,6.7折
2018,80.,http://img3m1.ddimg.cn/8/12/24012161-1_l_9.jpg,神奇校车・手工益智版,155491条评论,斯凯瑞,2016-07-13,¥76.79,¥120.00,6.4折
2018,81.,http://img3m9.ddimg.cn/73/31/23504059-1_l_13.jpg,小猪唏哩呼噜(注音版上、下),599297条评论,孙幼军,2014-07-01,¥20.10,¥30.00,6.7折
2018,82.,http://img3m2.ddimg.cn/46/31/25259302-1_l_25.jpg,银火箭少年科幻系列・第1辑,703384条评论,刘慈欣,2018-04-02,¥115.20,¥256.00,4.5折
2018,83.,http://img3m1.ddimg.cn/44/26/23807861-1_l_1.jpg,非暴力沟通,205938条评论,赫伯特・乔治・威尔斯,2016-01-01,¥26.00,¥33.00,7.9折
2018,84.,http://img3m6.ddimg.cn/68/27/25171016-1_l_66.jpg,培生幼儿英语：预备级,491090条评论,玛丽・雪莱,2017-11-01,¥55.00,¥118.00,4.7折
2018,85.,http://img3m8.ddimg.cn/97/8/23812468-1_l_2.jpg,郑渊洁四大名传,247502条评论,小当当童书馆,2015-12-01,¥30.00,¥100.00,3.0折
2018,86.,http://img3m0.ddimg.cn/75/25/25351500-1_l_2.jpg,健康日历2019：丁香医生(敬请期待2020版丁香日历）(支持丁香医生,102470条评论,卢森堡,2018-10-01,¥44.00,¥88.00,5.0折
2018,87.,http://img3m6.ddimg.cn/55/0/25119226-1_l_14.jpg,生命 : 万物不可思议的连接方式,106726条评论,阮胤华,2017-08-08,¥52.80,¥88.00,6.0折
2018,88.,http://img3m1.ddimg.cn/40/5/23257021-1_l_1.jpg,第七天,282737条评论,海豚传媒,2013-06-01,¥23.40,¥29.50,7.9折
2018,89.,http://img3m9.ddimg.cn/50/30/22788959-1_l_3.jpg,偷影子的人,1029070条评论,培生集团,2012-07-01,¥14.90,¥29.80,5.0折
2018,90.,http://img3m0.ddimg.cn/72/6/25218540-1_l_12.jpg,信谊世界精选图画书・猜猜我有多爱你,900627条评论,郑渊洁,2018-01-01,¥30.60,¥38.80,7.9折
2018,91.,http://img3m8.ddimg.cn/40/0/25211578-1_l_26.jpg,苏东坡传,1031904条评论,丁香医生,2018-01-01,¥26.00,¥52.00,5.0折
2018,92.,http://img3m4.ddimg.cn/58/9/23219914-1_l_11.jpg,数学帮帮忙,222431条评论,米莎・布莱斯,2013-04-01,¥213.80,¥225.00,9.5折
2018,93.,http://img3m9.ddimg.cn/25/29/25246609-1_l_23.jpg,乌合之众 : 大众心理研究,746463条评论,陈灼,2018-04-06,¥11.70,¥26.00,4.5折
2018,94.,http://img3m5.ddimg.cn/0/6/24144615-1_l_11.jpg,我不敢说，我怕被骂,354000条评论,凤凰阿歇特,2016-09-01,¥30.90,¥34.80,8.9折
2018,95.,http://img3m4.ddimg.cn/62/1/23509394-1_l_9.jpg,是谁嗯嗯在我的头上,250636条评论,余华,2007-04-01,¥31.80,¥35.80,8.9折
2018,96.,http://img3m1.ddimg.cn/37/24/23457691-1_l_1.jpg,养育男孩,314641条评论,新经典,2014-04-01,¥19.70,¥32.00,6.2折
2018,97.,http://img3m8.ddimg.cn/38/0/23878838-1_l_11.jpg,米小圈脑筋急转弯,719203条评论,马克・李维,2016-01-01,¥32.00,¥64.00,5.0折
2018,98.,http://img3m9.ddimg.cn/74/7/25174289-1_l_4.jpg,自控力,604600条评论,博集天卷,2017-10-31,¥32.40,¥45.00,7.2折
2018,99.,http://img3m6.ddimg.cn/92/11/24104216-1_l_24.jpg,男孩的冒险书,163092条评论,山姆・麦克布雷尼,2016-11-01,¥99.00,¥198.00,5.0折
2018,100.,http://img3m3.ddimg.cn/5/1/23998793-1_l_14.jpg,九型人格 : 职场高品质沟通的艺术,127718条评论,安妮塔・婕朗,2016-07-01,¥17.90,¥39.80,4.5折
2018,101.,http://img3m8.ddimg.cn/84/7/9101748-1_l_21.jpg,法布尔昆虫记,403169条评论,高苏珊娜,2014-07-01,¥99.00,¥198.00,5.0折
2018,102.,http://img3m6.ddimg.cn/8/24/23675066-1_l_1.jpg,亲密关系：通往灵魂的桥梁,198855条评论,金成荣,2015-04-01,¥17.50,¥35.00,5.0折
2018,103.,http://img3m8.ddimg.cn/50/28/25172978-1_l_1689731783.jpg,牧羊少年奇幻之旅,692535条评论,李明淑,2018-01-01,¥24.10,¥35.00,6.9折
2018,104.,http://img3m7.ddimg.cn/51/14/23633727-1_l_10.jpg,花婆婆,284760条评论,100层童书馆,2014-12-01,¥29.10,¥32.80,8.9折
2018,105.,http://img3m8.ddimg.cn/74/0/23435948-1_l_1695112122.jpg,金奖好书 小学生必背古诗词75+80首全国通用1-6年级含统编版人教版,545342条评论,克里斯多福・孟,2014-02-01,¥14.00,¥28.00,5.0折
2018,106.,http://img3m2.ddimg.cn/2/13/23926322-1_l_1696748560.jpg,所有失去的都会以另一种方式归来 耿帅经典之作,358095条评论,张德芬,2016-06-01,¥29.80,¥39.80,7.5折
2018,107.,http://img3m9.ddimg.cn/41/0/25170989-1_l_17.jpg,苏菲的世界,454035条评论,余慧玲,2017-09-19,¥24.00,¥38.00,6.3折
2018,108.,http://img3m8.ddimg.cn/78/26/25178748-1_l_3.jpg,少年读西游记,147636条评论,博集天卷,2017-10-20,¥44.70,¥89.40,5.0折
2018,109.,http://img3m6.ddimg.cn/90/4/20948886-1_l_1697616005.jpg,美国经典专注力培养大书 ,262754条评论,保罗・柯艾略,2013-07-01,¥96.00,¥160.00,6.0折
2018,110.,http://img3m5.ddimg.cn/2/17/25154615-1_l_16.jpg,放学后,387940条评论,新经典,2017-09-01,¥24.70,¥45.00,5.5折
2018,111.,http://img3m9.ddimg.cn/74/12/21054899-1_l_2.jpg,阿凡提经典故事系列丛书,188260条评论,芭芭拉库尼,2011-04-01,¥65.90,¥66.00,10.0折
2018,112.,http://img3m2.ddimg.cn/32/4/23662022-1_l_31.jpg,草房子,454454条评论,说词解字辞书研究中心,2015-03-01,¥12.50,¥25.00,5.0折
2018,113.,http://img3m6.ddimg.cn/89/8/23851466-1_l_48.jpg,学会爱自己,404597条评论,耿帅,2016-02-01,¥96.00,¥192.00,5.0折
2018,114.,http://img3m8.ddimg.cn/22/11/25201858-1_l_1690193250.jpg,情商是什么,154390条评论,华文天下出品,2017-12-12,¥29.20,¥39.00,7.5折
2018,115.,http://img3m9.ddimg.cn/37/23/25124059-1_l_24.jpg,好妈妈胜过好老师,481468条评论,乔斯坦・贾德,2017-08-08,¥24.50,¥49.00,5.0折
2018,116.,http://img3m6.ddimg.cn/49/29/23360386-1_l_2.jpg,金字塔原理,276800条评论,张嘉骅,2013-11-01,¥27.00,¥49.00,5.5折
2018,117.,http://img3m4.ddimg.cn/7/16/25233424-1_l_6.jpg,DK幼儿百科全书――那些重要的事,398900条评论,Highlights杂志社,2017-07-01,¥92.50,¥138.00,6.7折
2018,118.,http://img3m1.ddimg.cn/16/20/25162351-1_l_31.jpg,我在未来等你,248570条评论,东野圭吾,2017-09-01,¥21.00,¥42.00,5.0折
2018,119.,http://img3m1.ddimg.cn/1/11/23812471-1_l_3.jpg,郑渊洁四大名传：皮皮鲁传,368317条评论,新经典,2015-12-01,¥10.20,¥25.00,4.1折
2018,120.,http://img3m3.ddimg.cn/41/30/25172573-1_l_14.jpg,秘密 ,459129条评论,艾克拜尔,2017-11-01,¥24.70,¥45.00,5.5折
2018,121.,http://img3m6.ddimg.cn/92/23/23822066-1_l_3.jpg,让孩子爱上科学的趣味实验大百科,159493条评论,学研教育出版,2015-12-01,¥49.00,¥98.00,5.0折
2018,122.,http://img3m6.ddimg.cn/37/10/24079906-1_l_24.jpg,宫西达也恐龙系列全套7册,568434条评论,林岚,2016-11-01,¥84.40,¥126.00,6.7折
2018,123.,http://img3m2.ddimg.cn/40/35/23950912-1_l_8.jpg,多莱尔的希腊神话书,135855条评论,林榕,2016-06-01,¥58.60,¥88.00,6.7折
2018,124.,http://img3m1.ddimg.cn/43/31/23417701-1_l_1691403012.jpg,0-4岁幼儿认知小百科,547725条评论,宫西达也,2014-02-01,¥59.00,¥119.40,4.9折
2018,125.,http://img3m8.ddimg.cn/12/19/23698038-1_l_1.jpg,格局 ： 思维决定出路，格局决定结局,163858条评论,杨文,2015-05-01,¥23.40,¥36.00,6.5折
2018,126.,http://img3m7.ddimg.cn/85/25/24026197-1_l_16.jpg,且以优雅过一生：杨绛传,216285条评论,晓晗,2016-09-01,¥16.00,¥32.00,5.0折
2018,127.,http://img3m3.ddimg.cn/52/33/21085963-1_l_41.jpg,神奇校车・阅读版,357319条评论,英格丽,2011-06-01,¥64.00,¥128.00,5.0折
2018,128.,http://img3m5.ddimg.cn/10/35/23780305-1_l_5.jpg,穆斯林的葬礼,350182条评论,多莱尔,2015-09-01,¥27.30,¥49.80,5.5折
2018,129.,http://img3m5.ddimg.cn/73/19/23976685-1_l_12.jpg,米小圈漫画成语,330132条评论,爱德加・帕林・多莱尔,2016-05-01,¥49.60,¥74.00,6.7折
2018,130.,http://img3m4.ddimg.cn/10/33/23929894-1_l_11.jpg,俗世奇人,327074条评论,吉田淳子,2016-02-29,¥20.00,¥40.00,5.0折
2018,131.,http://img3m1.ddimg.cn/9/22/102771-1_l_1691995673.jpg,红楼梦原著版,827162条评论,徐超,1982-03-01,¥36.40,¥59.70,6.1折
2018,132.,http://img3m5.ddimg.cn/35/7/24248105-1_l_10.jpg,陈果：好的孤独,465810条评论,心喜阅童书,2017-04-19,¥24.80,¥36.00,6.9折
2018,133.,http://img3m7.ddimg.cn/74/15/25154687-1_l_3.jpg,富爸爸穷爸爸,388088条评论,何权峰,2017-09-30,¥36.00,¥48.00,7.5折
2018,134.,http://img3m8.ddimg.cn/14/27/25208978-1_l_7.jpg,房思琪的初恋乐园 ,566807条评论,悦读纪,2018-02-01,¥24.80,¥45.00,5.5折
2018,135.,http://img3m3.ddimg.cn/11/22/22915343-1_l_2.jpg,大英儿童百科全书,182742条评论,桑妮,2012-10-01,¥224.00,¥448.00,5.0折
2018,136.,http://img3m7.ddimg.cn/94/8/25084417-1_l_13.jpg,德国精选科学图画书 ,451977条评论,博集天卷,2017-06-01,¥41.30,¥70.00,5.9折
2018,137.,http://img3m8.ddimg.cn/77/14/25270718-1_l_1690875682.jpg,陪孩子走过关键六年--科学早教成就满分父母,9341条评论,乔安娜柯尔,2018-06-01,¥21.90,¥39.80,5.5折
2018,138.,http://img3m8.ddimg.cn/61/17/23521768-1_l_70.jpg,学会管自己,357745条评论,布鲁斯迪根,2014-08-01,¥62.72,¥128.00,4.9折
2018,139.,http://img3m9.ddimg.cn/16/24/25273429-1_l_32.jpg,提名获奖绘本 宝藏中国  中国国家博物馆儿童历史百科绘本,175678条评论,霍达,2018-06-01,¥120.00,¥240.00,5.0折
2018,140.,http://img3m7.ddimg.cn/57/36/23946177-1_l_1688364382.jpg,我们的身体,713044条评论,新经典,2012-06-01,¥60.50,¥155.00,3.9折
2018,141.,http://img3m4.ddimg.cn/14/2/25190564-1_l_1693804458.jpg,罗生门,463560条评论,芥川龙之介,2017-12-01,¥14.00,¥31.00,4.5折
2018,142.,http://img3m1.ddimg.cn/79/2/25167661-1_l_8.jpg,红岩,817780条评论,高慧勤,2017-09-01,¥22.70,¥36.00,6.3折
2018,143.,http://img3m8.ddimg.cn/37/30/25126138-1_l_17.jpg,海底两万里,324177条评论,罗广斌,2017-09-01,¥11.50,¥25.00,4.6折
2018,144.,http://img3m2.ddimg.cn/98/28/23415182-1_l_67.jpg,不用说，孩子就会听——歪歪兔逆反期教育系列图画书,228340条评论,杨益言,2014-03-01,¥42.00,¥75.00,5.6折
2018,145.,http://img3m5.ddimg.cn/95/19/23618525-1_l_11.jpg,呼兰河传,305969条评论,儒勒·凡尔纳,2014-12-01,¥13.20,¥28.80,4.6折
2018,146.,http://img3m9.ddimg.cn/2/4/24033539-1_l_17.jpg,不可思议的旅程,296040条评论,陈筱卿,2016-09-01,¥59.40,¥118.80,5.0折
2018,147.,http://img3m5.ddimg.cn/90/19/22924035-1_l_1.jpg,看见,854979条评论,歪歪兔关键期早教项目组,2013-01-01,¥32.30,¥39.80,8.1折
2018,148.,http://img3m7.ddimg.cn/20/0/25301747-1_l_10.jpg,总要习惯一个人,133323条评论,萧红,2018-07-05,¥24.90,¥49.80,5.0折
2018,149.,http://img3m1.ddimg.cn/46/33/23483341-1_l_79.jpg,环球旅行,149033条评论,艾伦·贝克尔,2013-03-01,¥71.00,¥89.80,7.9折
2018,150.,http://img3m9.ddimg.cn/44/23/23415029-1_l_23.jpg,余秋雨 文化苦旅,495052条评论,爱心树童书,2014-03-01,¥21.00,¥38.00,5.5折
2018,151.,http://img3m5.ddimg.cn/60/18/25309905-1_l_15.jpg,半小时漫画中国史1+中国史2+中国史3+世界史,1316650条评论,柴静,2018-07-01,¥114.90,¥159.60,7.2折
2018,152.,http://img3m6.ddimg.cn/1/22/25083136-1_l_1698135840.jpg,学会管自己幼儿版-歪歪兔自控力教育系列绘本,241458条评论,理想国,2017-06-01,¥39.60,¥88.00,4.5折
2018,153.,http://img3m5.ddimg.cn/15/21/21086025-1_l_8.jpg,我喜欢自己,267474条评论,蕊希,2011-05-01,¥24.70,¥27.80,8.9折
2018,154.,http://img3m0.ddimg.cn/6/16/22632990-1_l_1.jpg,人生,351532条评论,博集天卷,2012-03-01,¥19.80,¥25.00,7.9折
2018,155.,http://img3m9.ddimg.cn/75/17/23828979-1_l_33.jpg,给孩子读诗,409689条评论,迈克尔,2016-01-01,¥34.00,¥68.00,5.0折
2018,156.,http://img3m5.ddimg.cn/76/8/22745425-1_l_26.jpg,四五快读 全彩图升级版——幼儿快速识字阅读法,534857条评论,荣信文化,2012-02-01,¥124.00,¥211.40,5.9折
2018,157.,http://img3m9.ddimg.cn/91/34/24008779-1_l_41.jpg,古汉语常用字字典(第5版)新版商务印书馆 王力古汉语字典词典文言,621115条评论,余秋雨,2016-04-01,¥34.00,¥39.90,8.5折
2018,158.,http://img3m6.ddimg.cn/89/33/104336-1_l_1692404527.jpg,西游记原著版,476463条评论,时代华语,2010-10-01,¥28.70,¥47.20,6.1折
2018,159.,http://img3m2.ddimg.cn/48/24/23597292-1_l_1.jpg,狼图腾,326679条评论,陈磊,2014-11-01,¥27.40,¥39.80,6.9折
2018,160.,http://img3m0.ddimg.cn/51/16/23608680-1_l_19.jpg,你是人间四月天,355815条评论,二混子,2014-12-01,¥12.60,¥28.00,4.5折
2018,161.,http://img3m5.ddimg.cn/44/15/20863205-1_l_3.jpg,希利尔讲世界史、世界地理、艺术史 套装,206341条评论,希利尔,2010-04-01,¥76.30,¥136.40,5.6折
2018,162.,http://img3m1.ddimg.cn/93/24/25206681-1_l_5.jpg,东野圭吾：假面山庄,190088条评论,陈继华,2018-01-01,¥24.70,¥45.00,5.5折
2018,163.,http://img3m2.ddimg.cn/41/5/23949032-1_l_14.jpg,青铜葵花正版曹文轩纯美小说7-8-9-10-12岁草房子系列儿童文学校园,516034条评论,步印童书,2016-04-01,¥15.80,¥22.00,7.2折
2018,164.,http://img3m7.ddimg.cn/32/6/23248697-1_l_30.jpg,小猪佩奇,353738条评论,东野圭吾,2013-05-01,¥60.00,¥120.00,5.0折
2018,165.,http://img3m3.ddimg.cn/53/9/23964983-1_l_6.jpg,傅雷家书 ,132873条评论,新经典,2016-05-01,¥20.70,¥35.00,5.9折
2018,166.,http://img3m3.ddimg.cn/20/32/25069493-1_l_2.jpg,可爱的身体 ,296718条评论,曹文轩,2010-01-01,¥70.80,¥118.00,6.0折
2018,167.,http://img3m2.ddimg.cn/88/8/23485462-1_l_13.jpg,大卫不可以+大卫上学去+大卫惹麻烦,211936条评论,英国快乐瓢虫出版公司,2014-05-01,¥90.20,¥101.40,8.9折
2018,168.,http://img3m5.ddimg.cn/48/22/24215745-1_l_5.jpg,如何阅读一本书,366225条评论,苗辉,2004-01-01,¥33.20,¥46.00,7.2折
2018,169.,http://img3m2.ddimg.cn/37/0/25146532-1_l_1689583804.jpg,习近平的七年知青岁月,151548条评论,傅雷,2017-08-01,¥53.90,¥76.00,7.1折
2018,170.,http://img3m7.ddimg.cn/46/22/23630257-1_l_1690277804.jpg,笠翁对韵 全本 中华经典儿童启蒙 注音+注释+典故 每日诵读十分钟,379408条评论,朱梅馥,2015-01-01,¥5.90,¥18.00,3.3折
2018,171.,http://img3m1.ddimg.cn/8/17/24105221-1_l_82.jpg,小鸡球球触感玩具书：全5册,419996条评论,傅聪,2016-11-15,¥140.00,¥250.00,5.6折
2018,172.,http://img3m3.ddimg.cn/25/3/24183943-1_l_1698114186.jpg,作家榜名著：老人与海,356181条评论,傅敏,2017-02-20,¥19.90,¥39.80,5.0折
2018,173.,http://img3m4.ddimg.cn/55/1/24192784-1_l_5.jpg,未来简史+人类简史,175125条评论,七尾纯,2017-04-01,¥107.50,¥136.00,7.9折
2018,174.,http://img3m6.ddimg.cn/75/11/25230126-1_l_5.jpg,余生很长，何必慌张,88213条评论,小林雅子,2018-03-01,¥17.90,¥39.80,4.5折
2018,175.,http://img3m3.ddimg.cn/71/1/23730173-1_l_9.jpg,东野圭吾：时生,357121条评论,今井弓子,2015-07-01,¥21.70,¥39.50,5.5折
2018,176.,http://img3m7.ddimg.cn/82/12/23953627-1_l_13.jpg,草房子：六年级推荐课外阅读书/曹文轩纯美小说系列,561872条评论,爱心树童书,2016-04-01,¥15.80,¥22.00,7.2折
2018,177.,http://img3m4.ddimg.cn/30/12/22925064-1_l_2.jpg,学会提问,207148条评论,大卫・香农David,2013-01-01,¥26.20,¥35.00,7.5折
2018,178.,http://img3m9.ddimg.cn/90/26/25142229-1_l_14.jpg,笑场,187548条评论,Shannon,2017-08-20,¥32.90,¥36.00,9.1折
2018,179.,http://img3m0.ddimg.cn/56/27/24236840-1_l_1697008910.jpg,作家榜名著：浮生六记,154799条评论,莫提默・J.艾德勒,2017-04-01,¥22.50,¥45.00,5.0折
2018,180.,http://img3m2.ddimg.cn/68/14/25200122-1_l_12.jpg,就喜欢你看不惯我又干不掉我的样子3 白茶的书,122658条评论,查尔斯・范多伦,2017-12-01,¥43.30,¥55.00,7.9折
2019,1.,http://img3m5.ddimg.cn/56/4/23761145-1_l_13.jpg,人间失格,2223367条评论,太宰治,2015-08-01,¥10.00,¥25.00,4.0折
2019,2.,http://img3m8.ddimg.cn/82/19/25252408-1_l_1692697003.jpg,神奇校车・图画书版,1767654条评论,杨伟,2018-05-10,¥99.00,¥198.00,5.0折
2019,3.,http://img3m0.ddimg.cn/7/27/25137790-1_l_6.jpg,活着,2980683条评论,乔安娜柯尔,2012-08-01,¥21.00,¥28.00,7.5折
2019,4.,http://img3m1.ddimg.cn/31/4/20039611-1_l_36.jpg,小熊和最好的爸爸,1560075条评论,布鲁斯・迪根,2007-11-01,¥17.50,¥35.00,5.0折
2019,5.,http://img3m0.ddimg.cn/44/29/25259300-1_l_27.jpg,流浪的地球,703384条评论,余华,2018-05-01,¥13.10,¥29.00,4.5折
2019,6.,http://img3m0.ddimg.cn/61/3/23444350-1_l_1692697002.jpg,神奇校车・桥梁书版,1524156条评论,阿兰德・丹姆,2014-04-01,¥75.00,¥150.00,5.0折
2019,7.,http://img3m0.ddimg.cn/28/30/24198400-1_l_14.jpg,我喜欢生命本来的样子(周国平经典散文作品集),708517条评论,亚历克斯・沃尔夫,2017-02-01,¥22.10,¥45.00,4.9折
2019,8.,http://img3m0.ddimg.cn/64/6/23990140-1_l_46.jpg,正面管教(修订版),2120720条评论,漆仰平,2016-07-01,¥19.00,¥38.00,5.0折
2019,9.,http://img3m5.ddimg.cn/31/23/25308985-1_l_1699941964.jpg,丰子恺万般滋味，都是生活,660459条评论,爱桐,2018-09-01,¥21.00,¥42.00,5.0折
2019,10.,http://img3m1.ddimg.cn/80/1/23778791-1_l_29.jpg,少年读史记,1352991条评论,刘慈欣,2015-09-01,¥50.00,¥100.00,5.0折
2019,11.,http://img3m1.ddimg.cn/66/15/24175371-1_l_1698114189.jpg,作家榜名著：月亮与六便士,1547199条评论,小当当童书馆,2017-01-10,¥19.90,¥39.80,5.0折
2019,12.,http://img3m4.ddimg.cn/32/35/23579654-1_l_6.jpg,三体：全三册 刘慈欣代表作，亚洲“雨果奖”获奖作品！,2263421条评论,乔安娜柯尔,2010-11-01,¥51.20,¥93.00,5.5折
2019,13.,http://img3m6.ddimg.cn/76/35/23427436-1_l_18.jpg,写给儿童的中国历史,1115793条评论,布鲁斯迪根,2014-04-01,¥177.50,¥355.00,5.0折
2019,14.,http://img3m5.ddimg.cn/26/14/25238195-1_l_3.jpg,追风筝的人,2864192条评论,施芳,2006-05-01,¥18.00,¥36.00,5.0折
2019,15.,http://img3m7.ddimg.cn/52/5/23751637-1_l_1702965714.jpg,浮生六记,1315807条评论,周国平,2015-08-01,¥16.00,¥32.00,5.0折
2019,16.,http://img3m2.ddimg.cn/46/31/25259302-1_l_25.jpg,银火箭少年科幻系列・第1辑,703384条评论,简・尼尔森,2018-04-02,¥115.20,¥256.00,4.5折
2019,17.,http://img3m5.ddimg.cn/51/34/26921715-1_l_14.jpg,人生海海,1245379条评论,丰子恺,2019-04-16,¥34.50,¥55.00,6.3折
2019,18.,http://img3m8.ddimg.cn/42/6/23967348-1_l_19.jpg,我的第一本地理启蒙书,984886条评论,张嘉骅,2016-06-01,¥24.90,¥49.80,5.0折
2019,19.,http://img3m2.ddimg.cn/25/36/27878722-1_l_30.jpg,小孩,303267条评论,毛姆,2019-07-01,¥19.80,¥39.60,5.0折
2019,20.,http://img3m4.ddimg.cn/7/16/25233424-1_l_6.jpg,DK幼儿百科全书――那些重要的事,398900条评论,作家榜经典名,2017-07-01,¥92.50,¥138.00,6.7折
2019,21.,http://img3m2.ddimg.cn/41/25/25090502-1_l_7.jpg,平凡的世界：全三册,1449694条评论,路遥,2017-06-01,¥84.20,¥108.00,7.8折
2019,22.,http://img3m6.ddimg.cn/7/21/23546266-1_l_12.jpg,夏洛的网,985402条评论,新经典,2014-08-01,¥18.20,¥26.00,7.0折
2019,23.,http://img3m2.ddimg.cn/62/32/25119332-1_l_19.jpg,东野圭吾：白夜行,2134486条评论,怀特,2017-08-09,¥32.70,¥59.60,5.5折
2019,24.,http://img3m6.ddimg.cn/66/10/25272786-1_l_24.jpg,窗边的小豆豆(2018版),1698491条评论,任溶溶,2018-05-01,¥27.20,¥39.50,6.9折
2019,25.,http://img3m8.ddimg.cn/64/22/25247638-1_l_19.jpg,谈判：如何在博弈中获得更多(第四版)Everything is Negotiable,268392条评论,东野圭吾,2018-04-06,¥33.70,¥45.00,7.5折
2019,26.,http://img3m5.ddimg.cn/98/7/23445575-1_l_17.jpg,万历十五年 一本好书 腾讯视频栏目推荐,899788条评论,新经典,2006-06-01,¥16.90,¥26.00,6.5折
2019,27.,http://img3m2.ddimg.cn/96/32/25285092-1_l_5.jpg,天才在左 疯子在右(全新完整版),1591216条评论,黑柳彻子,2018-05-01,¥35.80,¥49.80,7.2折
2019,28.,http://img3m1.ddimg.cn/81/29/25142121-1_l_12.jpg,墨菲定律,373870条评论,爱心树童书,2017-08-01,¥28.90,¥32.80,8.8折
2019,29.,http://img3m6.ddimg.cn/83/20/25138856-1_l_7.jpg,马尔克斯：百年孤独,2343537条评论,盖温・肯尼迪,2017-08-01,¥39.60,¥55.00,7.2折
2019,30.,http://img3m9.ddimg.cn/77/23/25295369-1_l_1691567405.jpg,云边有个小卖部,1602212条评论,Gavin,2018-07-01,¥28.00,¥42.00,6.7折
2019,31.,http://img3m3.ddimg.cn/68/20/23271503-1_l_25.jpg,断舍离,1101914条评论,Kennedy,2013-07-01,¥25.20,¥32.00,7.9折
2019,32.,http://img3m4.ddimg.cn/58/12/25209814-1_l_10.jpg,生活需要仪式感 ,588516条评论,黄仁宇,2017-12-20,¥14.40,¥36.00,4.0折
2019,33.,http://img3m7.ddimg.cn/36/32/25284537-1_l_1689566292.jpg,手不是用来打人的,499874条评论,高铭,2018-04-01,¥49.50,¥99.00,5.0折
2019,34.,http://img3m9.ddimg.cn/41/14/25336319-1_l_22.jpg,漫长的告别,368859条评论,磨铁文化,2018-08-23,¥34.50,¥69.00,5.0折
2019,35.,http://img3m4.ddimg.cn/32/28/22819334-1_l_1694406380.jpg,围城,1217910条评论,张文成,1991-02-01,¥29.20,¥39.00,7.5折
2019,36.,http://img3m2.ddimg.cn/73/2/25334272-1_l_4.jpg,非暴力沟通,958422条评论,文通天下,2018-08-31,¥33.80,¥49.00,6.9折
2019,37.,http://img3m4.ddimg.cn/49/19/25284154-1_l_29.jpg,我们仨,1629473条评论,加西亚・马尔克斯,2018-06-01,¥21.00,¥28.00,7.5折
2019,38.,http://img3m4.ddimg.cn/23/21/27856544-1_l_3.jpg,一级建造师2019教材 2019版一级建造师考试用书建设工程法规及相关,228076条评论,新经典,2014-05-01,¥52.10,¥68.00,7.7折
2019,39.,http://img3m8.ddimg.cn/92/3/23464478-1_l_10.jpg,东野圭吾：解忧杂货店,2306629条评论,张嘉佳,2018-01-01,¥29.60,¥39.50,7.5折
2019,41.,http://img3m4.ddimg.cn/14/2/25190564-1_l_1693804458.jpg,罗生门,463560条评论,芥川龙之介,2017-12-01,¥14.00,¥31.00,4.5折
2019,42.,http://img3m2.ddimg.cn/17/7/24044642-1_l_19.jpg,如何说孩子才会听 怎么听孩子才肯说,1099333条评论,高慧勤,2016-09-01,¥18.40,¥36.80,5.0折
2019,43.,http://img3m7.ddimg.cn/86/32/23694647-1_l_22.jpg,摆渡人,1354776条评论,玛兹丽施,2015-06-01,¥19.80,¥36.00,5.5折
2019,44.,http://img3m5.ddimg.cn/98/24/27871865-1_l_41.jpg,笑背古诗：漫画版,218004条评论,安燕玲,2019-05-01,¥82.60,¥140.00,5.9折
2019,45.,http://img3m8.ddimg.cn/38/0/23878838-1_l_11.jpg,米小圈脑筋急转弯,719203条评论,青豆书坊,2016-01-01,¥32.00,¥64.00,5.0折
2019,46.,http://img3m5.ddimg.cn/3/20/27847515-1_l_16.jpg,摆渡人3无境之爱,176157条评论,克莱儿·麦克福尔,2019-04-01,¥25.30,¥46.00,5.5折
2019,47.,http://img3m0.ddimg.cn/23/18/23566280-1_l_20.jpg,果麦经典：人性的弱点,735323条评论,白马时光,2014-09-01,¥16.00,¥32.00,5.0折
2019,48.,http://img3m8.ddimg.cn/53/15/23604128-1_l_13.jpg,皮囊,776586条评论,刘义良,2014-12-01,¥29.80,¥39.80,7.5折
2019,49.,http://img3m0.ddimg.cn/58/29/22463950-1_l_4.jpg,你就是孩子最好的玩具,319264条评论,夏和,2016-06-01,¥19.30,¥29.80,6.5折
2019,50.,http://img3m1.ddimg.cn/8/17/24105221-1_l_82.jpg,小鸡球球触感玩具书：全5册,419996条评论,北猫,2016-11-15,¥140.00,¥250.00,5.6折
2019,51.,http://img3m1.ddimg.cn/92/17/23999771-1_l_8.jpg,懂你,273628条评论,克莱儿·麦克福尔,2016-06-01,¥10.80,¥24.00,4.5折
2019,52.,http://img3m3.ddimg.cn/20/24/25257593-1_l_18.jpg,乌丢丢的奇遇,536676条评论,白马时光,2015-04-01,¥9.40,¥18.80,5.0折
2019,53.,http://img3m1.ddimg.cn/79/2/25167661-1_l_8.jpg,红岩,817780条评论,戴尔·卡耐基,2017-09-01,¥22.70,¥36.00,6.3折
2019,54.,http://img3m8.ddimg.cn/61/18/25100818-1_l_15.jpg,红星照耀中国  青少版 八年级上册 人民文学出版社 团购电话40010,900625条评论,陶曚,2017-06-01,¥14.80,¥33.00,4.5折
2019,55.,http://img3m9.ddimg.cn/92/20/25352309-1_l_1695011705.jpg,拼音真好玩,312556条评论,果麦文化,2018-10-15,¥49.50,¥99.00,5.0折
2019,56.,http://img3m9.ddimg.cn/25/29/25246609-1_l_23.jpg,乌合之众 : 大众心理研究,746463条评论,蔡崇达,2018-04-06,¥11.70,¥26.00,4.5折
2019,57.,http://img3m5.ddimg.cn/35/7/24248105-1_l_10.jpg,陈果：好的孤独,465810条评论,果麦文化,2017-04-19,¥24.80,¥36.00,6.9折
2019,58.,http://img3m0.ddimg.cn/5/26/23691200-1_l_25.jpg,鬼谷子—中华经典藏书,293925条评论,金伯莉·布雷恩,2015-03-01,¥13.60,¥35.00,3.9折
2019,59.,http://img3m5.ddimg.cn/8/24/24015725-1_l_25.jpg,你的善良必须有点锋芒,560400条评论,夏欣茁,2016-09-01,¥16.40,¥32.80,5.0折
2019,60.,http://img3m5.ddimg.cn/20/15/23808035-1_l_2.jpg,这就是二十四节气,632585条评论,入山智,2015-09-01,¥50.00,¥100.00,5.0折
2019,61.,http://img3m1.ddimg.cn/88/17/25180441-1_l_19.jpg,好看的皮囊千篇一律，有趣的灵魂万里挑一,433989条评论,老杨的猫头鹰,2017-11-01,¥17.90,¥39.80,4.5折
2019,62.,http://img3m6.ddimg.cn/55/25/22800646-1_l_52.jpg,假如给我三天光明(中小学生课外阅读指导丛书)无障碍阅读 彩插励志,707864条评论,海伦,2012-06-01,¥6.70,¥14.80,4.5折
2019,63.,http://img3m7.ddimg.cn/91/21/25261327-1_l_1689649032.jpg,米小圈上学记一年级,710768条评论,凯勒,2018-04-01,¥50.00,¥100.00,5.0折
2019,64.,http://img3m9.ddimg.cn/36/13/25223949-1_l_5.jpg,董卿：做一个有才情的女子,243686条评论,北猫,2018-02-01,¥19.90,¥39.80,5.0折
2019,65.,http://img3m3.ddimg.cn/40/6/27854383-1_l_1700529738.jpg,一看就会的思维导图启蒙绘本,252781条评论,乔瑞玲,2019-04-30,¥57.60,¥128.00,4.5折
2019,66.,http://img3m5.ddimg.cn/79/23/25536535-1_l_35.jpg,地图 人文版,796496条评论,轻阅时光,2018-11-01,¥84.00,¥168.00,5.0折
2019,67.,http://img3m6.ddimg.cn/15/26/25160766-1_l_4.jpg,许三观卖血记,468321条评论,歪歪兔关键期早教,2017-09-12,¥24.00,¥32.00,7.5折
2019,68.,http://img3m6.ddimg.cn/87/30/25243206-1_l_1692698429.jpg,神奇校车・动画版,560095条评论,项目组,2011-04-05,¥59.00,¥118.00,5.0折
2019,69.,http://img3m0.ddimg.cn/97/1/25081450-1_l_10.jpg,魔法拼音国,305806条评论,米热林斯卡夫妇,2017-05-01,¥49.00,¥98.00,5.0折
2019,70.,http://img3m1.ddimg.cn/37/24/23457691-1_l_1.jpg,养育男孩,314641条评论,余华,2014-04-01,¥19.70,¥32.00,6.2折
2019,71.,http://img3m9.ddimg.cn/58/23/24026269-1_l_1691482286.jpg,所谓情商高，就是会说话,811106条评论,乔安娜柯尔,2016-09-01,¥23.00,¥32.00,7.2折
2019,72.,http://img3m8.ddimg.cn/27/20/25126128-1_l_1693207079.jpg,月亮和六便士,617827条评论,布鲁斯迪根,2017-09-01,¥12.20,¥27.00,4.5折
2019,73.,http://img3m4.ddimg.cn/49/29/24041704-1_l_13.jpg,东野圭吾：恶意,823187条评论,姜自霞,2016-11-01,¥26.30,¥39.50,6.7折
2019,74.,http://img3m8.ddimg.cn/14/27/25208978-1_l_7.jpg,房思琪的初恋乐园 ,566807条评论,史蒂夫,2018-02-01,¥24.80,¥45.00,5.5折
2019,75.,http://img3m8.ddimg.cn/74/0/23435948-1_l_1695112122.jpg,金奖好书 小学生必背古诗词75+80首全国通用1-6年级含统编版人教版,545342条评论,比达尔夫,2014-02-01,¥14.00,¥28.00,5.0折
2019,76.,http://img3m8.ddimg.cn/61/20/23716798-1_l_1.jpg,霍乱时期的爱情,594686条评论,丰俊功,2015-06-01,¥37.10,¥49.50,7.5折
2019,77.,http://img3m4.ddimg.cn/81/18/23453874-1_l_27.jpg,福尔摩斯探案集 中小学生课外阅读指导丛书 无障碍阅读 彩插励志版,416546条评论,宋修华,2021-04-01,¥8.00,¥17.80,4.5折
2019,78.,http://img3m7.ddimg.cn/42/18/25307907-1_l_21.jpg,薛兆丰经济学讲义：东方甄选热卖，奇葩说”宝藏“老师薛兆丰重磅,362770条评论,佐佐木圭一,2018-07-01,¥58.30,¥68.00,8.6折
2019,79.,http://img3m7.ddimg.cn/34/12/23909227-1_l_1696910398.jpg,不吼不叫：如何平静地让孩子与父母合作,436307条评论,程亮,2016-03-01,¥16.40,¥32.80,5.0折
2019,80.,http://img3m1.ddimg.cn/3/6/27872661-1_l_49.jpg,皮囊,1355395条评论,时代华语,2019-05-01,¥24.90,¥49.80,5.0折
2019,81.,http://img3m8.ddimg.cn/40/0/25211578-1_l_26.jpg,苏东坡传,1031904条评论,林语堂,2018-01-01,¥26.00,¥52.00,5.0折
2019,82.,http://img3m5.ddimg.cn/92/15/27867305-1_l_9.jpg,半小时漫画唐诗,172537条评论,博集天卷,2019-05-08,¥24.95,¥49.90,5.0折
2019,83.,http://img3m9.ddimg.cn/73/16/25239529-1_l_9.jpg,挪威的森林,469380条评论,陈磊・半小时漫画团队,2018-03-01,¥27.00,¥38.00,7.1折
2019,84.,http://img3m9.ddimg.cn/3/1/26922459-1_l_17.jpg,边城,221231条评论,读客文化,2019-04-01,¥14.40,¥32.00,4.5折
2019,85.,http://img3m0.ddimg.cn/79/25/27907090-1_l_6.jpg,丁香医生366条健康辟谣，享受健康一整年,187058条评论,村上春树,2019-08-12,¥39.20,¥98.00,4.0折
2019,86.,http://img3m3.ddimg.cn/15/4/24044343-1_l_17.jpg,写给儿童的中国地理,377975条评论,林少华,2016-09-01,¥196.00,¥392.00,5.0折
2019,87.,http://img3m1.ddimg.cn/51/7/23964981-1_l_1691565011.jpg,自在独行 贾平凹的独行世界,916390条评论,沈从文,2016-05-01,¥28.00,¥39.00,7.2折
2019,88.,http://img3m9.ddimg.cn/2/4/24033539-1_l_17.jpg,不可思议的旅程,296040条评论,丁香医生,2016-09-01,¥59.40,¥118.80,5.0折
2019,89.,http://img3m0.ddimg.cn/77/3/25278440-1_l_8.jpg,任溶溶系列：没头脑和不高兴(注音版）,620731条评论,陈卫平,2018-04-01,¥15.00,¥18.00,8.3折
2019,90.,http://img3m9.ddimg.cn/73/31/23504059-1_l_13.jpg,小猪唏哩呼噜(注音版上、下),599297条评论,陈雨岚,2014-07-01,¥20.10,¥30.00,6.7折
2019,91.,http://img3m5.ddimg.cn/73/19/23976685-1_l_12.jpg,米小圈漫画成语,330132条评论,步印童书,2016-05-01,¥49.60,¥74.00,6.7折
2019,92.,http://img3m7.ddimg.cn/57/36/23946177-1_l_1688364382.jpg,我们的身体,713044条评论,贾平凹,2012-06-01,¥60.50,¥155.00,3.9折
2019,93.,http://img3m1.ddimg.cn/1/11/23812471-1_l_3.jpg,郑渊洁四大名传：皮皮鲁传,368317条评论,时代华语,2015-12-01,¥10.20,¥25.00,4.1折
2019,94.,http://img3m0.ddimg.cn/36/23/23457690-1_l_1.jpg,养育女孩(旧版),259960条评论,艾伦・贝克尔,2014-04-01,¥20.40,¥32.00,6.4折
2019,95.,http://img3m8.ddimg.cn/87/1/25289538-1_l_9.jpg,小熊宝宝绘本,1074943条评论,爱心树童书,2007-05-16,¥48.00,¥96.00,5.0折
2019,96.,http://img3m9.ddimg.cn/22/7/24186019-1_l_19.jpg,人类简史：从动物到上帝,801192条评论,任溶溶,2017-01-01,¥34.00,¥68.00,5.0折
2019,97.,http://img3m6.ddimg.cn/15/33/25298376-1_l_1701735101.jpg,小王子,1751338条评论,孙幼军,2018-06-03,¥19.90,¥39.80,5.0折
2019,98.,http://img3m2.ddimg.cn/49/27/26912902-1_l_4.jpg,宫西达也超级绘本,338693条评论,北猫,2019-02-01,¥93.00,¥186.00,5.0折
2019,99.,http://img3m9.ddimg.cn/41/0/25170989-1_l_17.jpg,苏菲的世界,454035条评论,艾德兰,2017-09-19,¥24.00,¥38.00,6.3折
2019,100.,http://img3m3.ddimg.cn/43/36/28470463-1_l_27.jpg,乖，摸摸头2.0,201891条评论,巴尔博里尼,2019-10-01,¥19.80,¥39.60,5.0折
2019,101.,http://img3m5.ddimg.cn/60/18/25309905-1_l_15.jpg,半小时漫画中国史1+中国史2+中国史3+世界史,1316650条评论,陈磊,2018-07-01,¥114.90,¥159.60,7.2折
2019,102.,http://img3m9.ddimg.cn/23/12/25201859-1_l_1698985798.jpg,钝感力,843193条评论,二混子,2018-01-01,¥16.00,¥32.00,5.0折
2019,103.,http://img3m9.ddimg.cn/74/1/23685329-1_l_49.jpg,岛上书店,1320053条评论,读客文化,2015-05-08,¥24.10,¥35.00,6.9折
2019,104.,http://img3m0.ddimg.cn/37/6/25338790-1_l_1702268036.jpg,神奇的逻辑思维游戏书,325527条评论,渡边淳一,2018-10-01,¥22.50,¥45.00,5.0折
2019,105.,http://img3m1.ddimg.cn/94/31/26193811-1_l_36.jpg,共情的力量：情商高的人，如何抚慰受伤的灵魂,281416条评论,李迎跃,2019-01-01,¥24.90,¥49.80,5.0折
2019,106.,http://img3m2.ddimg.cn/21/30/22478862-1_l_1.jpg,上下五千年,369469条评论,加・泽文,2011-07-01,¥51.90,¥88.00,5.9折
2019,107.,http://img3m8.ddimg.cn/55/35/23257828-1_l_15.jpg,不一样的卡梅拉手绘本,942692条评论,读客文化,2013-06-01,¥60.00,¥120.00,5.0折
2019,108.,http://img3m1.ddimg.cn/94/5/25578031-1_l_10.jpg,蔡康永的情商课：为你自己活一次,219123条评论,索尼国际教育公司,2018-11-30,¥21.00,¥42.00,5.0折
2019,109.,http://img3m6.ddimg.cn/58/8/26490676-1_l_7.jpg,亲密关系：通往灵魂的桥梁,869105条评论,阳光博客,2019-04-01,¥22.50,¥45.00,5.0折
2019,110.,http://img3m0.ddimg.cn/26/28/25238690-1_l_3.jpg,美国儿科学会育儿百科,374852条评论,亚瑟・乔拉米卡利,2018-03-01,¥76.30,¥89.00,8.6折
2019,111.,http://img3m8.ddimg.cn/78/30/23472978-1_l_2.jpg,数学原来可以这样学,280771条评论,Arthur,2014-06-01,¥16.40,¥32.80,5.0折
2019,112.,http://img3m1.ddimg.cn/37/13/25062481-1_l_29.jpg,诺奖少年版,582538条评论,Ciaramicoli,2017-04-01,¥237.60,¥528.00,4.5折
2019,113.,http://img3m1.ddimg.cn/9/22/102771-1_l_1691995673.jpg,红楼梦原著版,827162条评论,凯瑟琳・柯茜,1982-03-01,¥36.40,¥59.70,6.1折
2019,114.,http://img3m4.ddimg.cn/69/33/22732944-1_l_23.jpg,你好！数学,285430条评论,Katherine,2012-04-01,¥93.60,¥240.00,3.9折
2019,115.,http://img3m4.ddimg.cn/26/36/25263044-1_l_14.jpg,陈果：好的爱情,465804条评论,Ketcham,2018-04-22,¥26.90,¥39.00,6.9折
2019,116.,http://img3m7.ddimg.cn/82/12/23953627-1_l_13.jpg,草房子：六年级推荐课外阅读书/曹文轩纯美小说系列,561872条评论,开森心理,2016-04-01,¥15.80,¥22.00,7.2折
2019,117.,http://img3m7.ddimg.cn/84/13/23715237-1_l_15.jpg,人间词话,606975条评论,林汉达,2015-06-01,¥13.40,¥29.80,4.5折
2019,118.,http://img3m3.ddimg.cn/88/28/20989573-1_l_17.jpg,科幻世界・三体(一),417275条评论,克利斯提昂,2008-01-01,¥18.20,¥23.00,7.9折
2019,119.,http://img3m6.ddimg.cn/68/19/23197946-1_l_35.jpg,中华上下五千年(中小学生课外阅读指导丛书)无障碍阅读 彩插励志版,345588条评论,约里波瓦,2021-04-01,¥7.10,¥15.80,4.5折
2019,120.,http://img3m6.ddimg.cn/89/8/23851466-1_l_48.jpg,学会爱自己,404597条评论,郑迪蔚,2016-02-01,¥96.00,¥192.00,5.0折
2019,121.,http://img3m2.ddimg.cn/48/36/25110012-1_l_1698043441.jpg,罗尔德・达尔作品典藏 了不起的狐狸爸爸,707523条评论,罗尔德・达尔,2009-03-01,¥7.50,¥15.00,5.0折
2019,122.,http://img3m9.ddimg.cn/37/23/25124059-1_l_24.jpg,好妈妈胜过好老师,481468条评论,尹建莉,2017-08-08,¥24.50,¥49.00,5.0折
2019,123.,http://img3m5.ddimg.cn/69/27/463785-1_l_2.jpg,时间简史,724983条评论,史蒂芬・霍金,2014-06-01,¥32.40,¥45.00,7.2折
2019,124.,http://img3m7.ddimg.cn/70/12/25187947-1_l_1697617506.jpg,傅雷家书,267854条评论,傅雷,2017-09-01,¥17.50,¥35.00,5.0折
2019,125.,http://img3m6.ddimg.cn/50/8/25335536-1_l_20.jpg,国际大奖科普绘本,76691条评论,麦书房,2018-10-01,¥19.35,¥129.00,1.5折
2019,126.,http://img3m2.ddimg.cn/2/13/23926322-1_l_1696748560.jpg,所有失去的都会以另一种方式归来 耿帅经典之作,358095条评论,有容书邦,2016-06-01,¥29.80,¥39.80,7.5折
2019,127.,http://img3m3.ddimg.cn/87/17/25261323-1_l_19.jpg,米小圈上学记二年级,483638条评论,发行,2018-04-01,¥50.00,¥100.00,5.0折
2019,128.,http://img3m0.ddimg.cn/7/28/23932960-1_l_16.jpg,阿米巴经营――畅销十周年纪念版，当当专享,276941条评论,玛丽,2016-03-01,¥15.80,¥35.00,4.5折
2019,129.,http://img3m3.ddimg.cn/92/29/26516153-1_l_18.jpg,局外人,245764条评论,琳达・格拉泽,2019-03-01,¥22.50,¥45.00,5.0折
2019,130.,http://img3m0.ddimg.cn/35/24/24516890-1_l_7.jpg,一只特立独行的猪,391738条评论,玛丽安・伯克斯,2017-04-01,¥27.30,¥35.00,7.8折
2019,131.,http://img3m3.ddimg.cn/82/35/23978773-1_l_5.jpg,流浪地球：刘慈欣授权，电影原著小说,123752条评论,阿梅莉・格罗,2016-06-01,¥23.20,¥38.00,6.1折
2019,132.,http://img3m5.ddimg.cn/64/14/25102405-1_l_8.jpg,把坏脾气收起来,357440条评论,杰米・佐拉斯,2017-08-01,¥18.00,¥36.00,5.0折
2019,133.,http://img3m9.ddimg.cn/84/5/25309929-1_l_15.jpg,狼王梦,759647条评论,鞠强,2018-07-01,¥15.60,¥26.00,6.0折
2019,134.,http://img3m2.ddimg.cn/40/35/23950912-1_l_8.jpg,多莱尔的希腊神话书,135855条评论,李睿,2016-06-01,¥58.60,¥88.00,6.7折
2019,135.,http://img3m7.ddimg.cn/77/15/24040247-1_l_41.jpg,细菌世界历险记 又名：灰尘的旅行 快乐读书吧四年级下册推荐 儿童,336711条评论,王丁鹏,2021-04-01,¥10.30,¥22.80,4.5折
2019,136.,http://img3m1.ddimg.cn/83/1/23323691-1_l_22.jpg,曹文轩文集典藏版,423882条评论,韩冬,2013-09-01,¥84.00,¥168.00,5.0折
2019,137.,http://img3m6.ddimg.cn/89/33/104336-1_l_1692404527.jpg,西游记原著版,476463条评论,小当当童书馆,2010-10-01,¥28.70,¥47.20,6.1折
2019,138.,http://img3m6.ddimg.cn/21/10/24516876-1_l_5.jpg,沉默的大多数,246128条评论,耿帅,2017-04-01,¥27.30,¥35.00,7.8折
2019,139.,http://img3m1.ddimg.cn/77/0/25072421-1_l_1687940577.jpg,外婆的道歉信,661835条评论,华文天下出品,2017-05-01,¥21.00,¥42.00,5.0折
2019,140.,http://img3m5.ddimg.cn/76/8/22745425-1_l_26.jpg,四五快读 全彩图升级版――幼儿快速识字阅读法,534857条评论,北猫,2012-02-01,¥124.00,¥211.40,5.9折
2019,141.,http://img3m4.ddimg.cn/91/33/24242914-1_l_6.jpg,三毛全集02：撒哈拉的故事,436701条评论,三毛,2017-04-01,¥24.10,¥35.00,6.9折
2019,142.,http://img3m9.ddimg.cn/3/24/27856029-1_l_1695106294.jpg,汪曾祺散文集：万事有心，人间有味,136293条评论,新经典,2019-04-01,¥28.90,¥42.00,6.9折
2019,143.,http://img3m8.ddimg.cn/50/28/25172978-1_l_1689731783.jpg,牧羊少年奇幻之旅,692535条评论,汪曾祺,2018-01-01,¥24.10,¥35.00,6.9折
2019,144.,http://img3m4.ddimg.cn/52/15/26315044-1_l_38.jpg,桃李春风一杯酒：唐朝诗人的快意人生,73458条评论,时代华语,2019-01-01,¥37.50,¥50.00,7.5折
2019,145.,http://img3m9.ddimg.cn/16/24/25273429-1_l_32.jpg,提名获奖绘本 宝藏中国  中国国家博物馆儿童历史百科绘本,175678条评论,保罗・柯艾略,2018-06-01,¥120.00,¥240.00,5.0折
2019,146.,http://img3m6.ddimg.cn/33/6/25061586-1_l_17.jpg,汤姆・索亚历险记,259152条评论,新经典,2017-04-01,¥11.00,¥24.00,4.6折
2019,147.,http://img3m2.ddimg.cn/9/26/25125912-1_l_1.jpg,舒克贝塔传,156435条评论,叶楚桥,2017-08-01,¥98.60,¥200.00,4.9折
2019,148.,http://img3m0.ddimg.cn/30/25/24156030-1_l_12.jpg,长安十二时辰,187890条评论,中国国家博物馆,2016-11-21,¥43.80,¥79.60,5.5折
2019,149.,http://img3m7.ddimg.cn/92/3/26918687-1_l_10.jpg,幽微的人性,245276条评论,童趣出版有限公司,2019-04-01,¥21.90,¥39.80,5.5折
2019,150.,http://img3m4.ddimg.cn/58/9/23219914-1_l_11.jpg,数学帮帮忙,222431条评论,马克・吐温,2013-04-01,¥213.80,¥225.00,9.5折
2019,151.,http://img3m9.ddimg.cn/93/8/25092039-1_l_4.jpg,活着,583613条评论,张友松,2017-06-01,¥23.30,¥35.00,6.7折
2019,152.,http://img3m5.ddimg.cn/64/16/24194575-1_l_11.jpg,在教室说错了没关系,422063条评论,郑渊洁,2017-02-01,¥18.00,¥36.00,5.0折
2019,153.,http://img3m0.ddimg.cn/49/34/25314250-1_l_6.jpg,第七天,544128条评论,马伯庸,2018-08-01,¥27.20,¥39.50,6.9折
2019,154.,http://img3m6.ddimg.cn/25/12/23490646-1_l_6.jpg,东野圭吾：嫌疑人X的献身,877762条评论,博集天卷,2014-06-01,¥24.10,¥35.00,6.9折
2019,155.,http://img3m3.ddimg.cn/38/27/25102973-1_l_4.jpg,明朝那些事儿全集 增补版,427259条评论,李玫瑾,2017-05-01,¥181.50,¥297.00,6.1折
2019,156.,http://img3m8.ddimg.cn/84/7/9101748-1_l_21.jpg,法布尔昆虫记,403169条评论,达芙妮・斯金纳,2014-07-01,¥99.00,¥198.00,5.0折
2019,157.,http://img3m8.ddimg.cn/67/35/25173688-1_l_13.jpg,时代广场的蟋蟀 麦克米伦世纪大奖小说典藏本,288112条评论,杰瑞・史麦斯,2017-10-01,¥10.00,¥20.00,5.0折
2019,158.,http://img3m2.ddimg.cn/16/23/25163242-1_l_30.jpg,摆渡人2：重返荒原,429630条评论,袁颖,2017-09-01,¥23.50,¥42.80,5.5折
2019,159.,http://img3m2.ddimg.cn/1/27/23718322-1_l_16.jpg,无声告白,543671条评论,余华,2016-09-01,¥21.30,¥35.00,6.1折
2019,160.,http://img3m7.ddimg.cn/46/22/23630257-1_l_1690277804.jpg,笠翁对韵 全本 中华经典儿童启蒙 注音+注释+典故 每日诵读十分钟,379408条评论,新经典,2015-01-01,¥5.90,¥18.00,3.3折
2019,161.,http://img3m2.ddimg.cn/34/22/27886552-1_l_1692068168.jpg,王芳: 穿过历史线，吃透小古文,63074条评论,王芳,2019-06-01,¥109.50,¥219.00,5.0折
2019,162.,http://img3m4.ddimg.cn/54/11/25580664-1_l_1693381657.jpg,中国传统节日故事 小学语文课外读物 ,180812条评论,爱华文,2018-10-01,¥9.90,¥22.00,4.5折
2019,163.,http://img3m7.ddimg.cn/94/8/25084417-1_l_13.jpg,德国精选科学图画书 ,451977条评论,谦德文化出品,2017-06-01,¥41.30,¥70.00,5.9折
2019,164.,http://img3m5.ddimg.cn/39/23/9284655-1_l_14.jpg,斯凯瑞金色童书·第一辑,444084条评论,安娜·鲁斯曼,2007-05-01,¥53.20,¥83.20,6.4折
2019,165.,http://img3m4.ddimg.cn/13/31/25298374-1_l_22.jpg,皮特猫·3~6岁好性格养成书：第一辑,407495条评论,100层童书馆,2018-07-01,¥69.95,¥139.90,5.0折
2019,166.,http://img3m8.ddimg.cn/37/30/25126138-1_l_17.jpg,海底两万里,324177条评论,斯凯瑞,2017-09-01,¥11.50,¥25.00,4.6折
2019,167.,http://img3m9.ddimg.cn/60/36/25227339-1_l_4.jpg,信谊世界精选图画书·爷爷一定有办法,456821条评论,李晓评,2013-04-01,¥26.00,¥38.80,6.7折
2019,168.,http://img3m9.ddimg.cn/21/7/25204629-1_l_25.jpg,原则：桥水创始人瑞达利欧作品，半个金融圈、投资界、管理层都在,370886条评论,艾瑞克·利温,2018-01-01,¥49.00,¥98.00,5.0折
2019,169.,http://img3m2.ddimg.cn/23/30/25166912-1_l_36.jpg,终身成长：重新定义成功的思维模式,353524条评论,彭懿等,2017-11-01,¥24.90,¥49.80,5.0折
2019,170.,http://img3m9.ddimg.cn/74/7/25174289-1_l_4.jpg,自控力,604600条评论,读客文化,2017-10-31,¥32.40,¥45.00,7.2折
2019,171.,http://img3m7.ddimg.cn/73/18/23181517-1_l_20.jpg,老人与海(中小学生课外阅读指导丛书)无障碍阅读 彩插励志版 2000,229599条评论,儒勒·凡尔纳,2013-02-01,¥7.50,¥12.80,5.9折
2019,172.,http://img3m8.ddimg.cn/84/32/25098168-1_l_2.jpg,红帽子艾米莉,58219条评论,陈筱卿,2017-07-01,¥66.00,¥180.00,3.7折
2019,173.,http://img3m3.ddimg.cn/52/33/21085963-1_l_41.jpg,神奇校车·阅读版,357319条评论,菲比·吉尔曼,2011-06-01,¥64.00,¥128.00,5.0折
2019,174.,http://img3m9.ddimg.cn/91/34/24008779-1_l_41.jpg,古汉语常用字字典(第5版)新版商务印书馆 王力古汉语字典词典文言,621115条评论,宋珮,2016-04-01,¥34.00,¥39.90,8.5折
2019,175.,http://img3m5.ddimg.cn/24/9/25350855-1_l_16.jpg,去旅行系列,72412条评论,瑞·达利欧,2018-11-01,¥48.60,¥108.00,4.5折
2019,176.,http://img3m7.ddimg.cn/4/20/26513887-1_l_9.jpg,读懂孩子的心：樊登2019年新书.,182041条评论,Dalio,2019-03-01,¥44.30,¥56.00,7.9折
2019,177.,http://img3m5.ddimg.cn/2/17/25154615-1_l_16.jpg,放学后,387940条评论,卡罗尔·德韦克,2017-09-01,¥24.70,¥45.00,5.5折
2019,178.,http://img3m6.ddimg.cn/37/10/24079906-1_l_24.jpg,宫西达也恐龙系列全套7册,568434条评论,Carol,2016-11-01,¥84.40,¥126.00,6.7折
2019,179.,http://img3m5.ddimg.cn/60/0/23407125-1_l_1.jpg,目送：龙应台“人生三书”之三,665904条评论,Dweck,2014-01-01,¥36.90,¥43.00,8.6折
2019,180.,http://img3m0.ddimg.cn/7/1/25108090-1_l_23.jpg,活了100万次的猫,432978条评论,楚祎楠,2017-04-01,¥32.40,¥36.00,9.0折
2020,1.,http://img3m2.ddimg.cn/0/27/28473192-1_l_22.jpg,你当像鸟飞往你的山,1627497条评论,塔拉,2019-11-01,¥34.80,¥59.00,5.9折
2020,2.,http://img3m5.ddimg.cn/56/4/23761145-1_l_13.jpg,人间失格,2223367条评论,韦斯特弗,2015-08-01,¥10.00,¥25.00,4.0折
2020,3.,http://img3m9.ddimg.cn/25/29/25246609-1_l_23.jpg,乌合之众 : 大众心理研究,746463条评论,新经典,2018-04-06,¥11.70,¥26.00,4.5折
2020,4.,http://img3m8.ddimg.cn/82/19/25252408-1_l_1692697003.jpg,神奇校车・图画书版,1767654条评论,太宰治,2018-05-10,¥99.00,¥198.00,5.0折
2020,5.,http://img3m1.ddimg.cn/66/15/24175371-1_l_1698114189.jpg,作家榜名著：月亮与六便士,1547199条评论,杨伟,2017-01-10,¥19.90,¥39.80,5.0折
2020,6.,http://img3m5.ddimg.cn/51/34/26921715-1_l_14.jpg,人生海海,1245379条评论,古斯塔夫・勒庞,2019-04-16,¥34.50,¥55.00,6.3折
2020,7.,http://img3m0.ddimg.cn/64/6/23990140-1_l_46.jpg,正面管教(修订版),2120720条评论,马晓佳,2016-07-01,¥19.00,¥38.00,5.0折
2020,8.,http://img3m9.ddimg.cn/77/23/25295369-1_l_1691567405.jpg,云边有个小卖部,1602212条评论,乔安娜柯尔,2018-07-01,¥28.00,¥42.00,6.7折
2020,9.,http://img3m1.ddimg.cn/31/4/20039611-1_l_36.jpg,小熊和最好的爸爸,1560075条评论,布鲁斯・迪根,2007-11-01,¥17.50,¥35.00,5.0折
2020,10.,http://img3m9.ddimg.cn/97/25/28996999-1_l_40.jpg,啊2.0,787249条评论,毛姆,2020-08-01,¥24.20,¥39.60,6.1折
2020,11.,http://img3m6.ddimg.cn/83/20/25138856-1_l_7.jpg,马尔克斯：百年孤独,2343537条评论,作家榜经典名,2017-08-01,¥39.60,¥55.00,7.2折
2020,12.,http://img3m0.ddimg.cn/61/3/23444350-1_l_1692697002.jpg,神奇校车・桥梁书版,1524156条评论,徐淳刚,2014-04-01,¥75.00,¥150.00,5.0折
2020,13.,http://img3m5.ddimg.cn/98/2/28517345-1_l_13.jpg,你就是孩子最好的玩具,864558条评论,诗人,2020-03-01,¥18.00,¥36.00,5.0折
2020,14.,http://img3m4.ddimg.cn/32/35/23579654-1_l_6.jpg,三体：全三册 刘慈欣代表作，亚洲“雨果奖”获奖作品！,2263421条评论,大星文化,2010-11-01,¥51.20,¥93.00,5.5折
2020,15.,http://img3m3.ddimg.cn/68/20/23271503-1_l_25.jpg,断舍离,1101914条评论,高更,2013-07-01,¥25.20,¥32.00,7.9折
2020,16.,http://img3m1.ddimg.cn/80/1/23778791-1_l_29.jpg,少年读史记,1352991条评论,麦家,2015-09-01,¥50.00,¥100.00,5.0折
2020,17.,http://img3m0.ddimg.cn/44/29/25259300-1_l_27.jpg,流浪的地球,703384条评论,新经典,2018-05-01,¥13.10,¥29.00,4.5折
2020,18.,http://img3m0.ddimg.cn/7/27/25137790-1_l_6.jpg,活着,2980683条评论,简・尼尔森,2012-08-01,¥21.00,¥28.00,7.5折
2020,19.,http://img3m6.ddimg.cn/66/10/25272786-1_l_24.jpg,窗边的小豆豆(2018版),1698491条评论,张嘉佳,2018-05-01,¥27.20,¥39.50,6.9折
2020,20.,http://img3m2.ddimg.cn/41/25/25090502-1_l_7.jpg,平凡的世界：全三册,1449694条评论,博集天卷,2017-06-01,¥84.20,¥108.00,7.8折
2020,21.,http://img3m6.ddimg.cn/39/17/27931206-1_l_582.jpg,人间值得,720232条评论,中村恒子,2019-09-01,¥24.90,¥49.90,5.0折
2020,22.,http://img3m4.ddimg.cn/14/2/25190564-1_l_1693804458.jpg,罗生门,463560条评论,恒子奶奶,2017-12-01,¥14.00,¥31.00,4.5折
2020,23.,http://img3m2.ddimg.cn/62/32/25119332-1_l_19.jpg,东野圭吾：白夜行,2134486条评论,紫图图书,2017-08-09,¥32.70,¥59.60,5.5折
2020,24.,http://img3m5.ddimg.cn/85/20/26482585-1_l_19.jpg,侦探与小偷 ,236878条评论,芥川龙之介,2019-01-01,¥11.20,¥24.80,4.5折
2020,25.,http://img3m2.ddimg.cn/73/2/25334272-1_l_4.jpg,非暴力沟通,958422条评论,高慧勤,2018-08-31,¥33.80,¥49.00,6.9折
2020,26.,http://img3m4.ddimg.cn/67/33/24184084-1_l_9.jpg,次第花开 修订版,845070条评论,东野圭吾,2017-02-01,¥19.90,¥39.80,5.0折
2020,27.,http://img3m9.ddimg.cn/3/1/26922459-1_l_17.jpg,边城,221231条评论,新经典,2019-04-01,¥14.40,¥32.00,4.5折
2020,28.,http://img3m8.ddimg.cn/27/20/25126128-1_l_1693207079.jpg,月亮和六便士,617827条评论,叶永烈,2017-09-01,¥12.20,¥27.00,4.5折
2020,29.,http://img3m1.ddimg.cn/3/6/27872661-1_l_49.jpg,皮囊,1355395条评论,小当当童书馆,2019-05-01,¥24.90,¥49.80,5.0折
2020,30.,http://img3m6.ddimg.cn/58/8/26490676-1_l_7.jpg,亲密关系：通往灵魂的桥梁,869105条评论,马歇尔,2019-04-01,¥22.50,¥45.00,5.0折
2020,31.,http://img3m5.ddimg.cn/26/14/25238195-1_l_3.jpg,追风筝的人,2864192条评论,卢森堡,2006-05-01,¥18.00,¥36.00,5.0折
2020,32.,http://img3m8.ddimg.cn/64/22/25247638-1_l_19.jpg,谈判：如何在博弈中获得更多(第四版)Everything is Negotiable,268392条评论,阮胤华,2018-04-06,¥33.70,¥45.00,7.5折
2020,33.,http://img3m0.ddimg.cn/72/6/25218540-1_l_12.jpg,信谊世界精选图画书・猜猜我有多爱你,900627条评论,希阿荣博堪布,2018-01-01,¥30.60,¥38.80,7.9折
2020,34.,http://img3m4.ddimg.cn/95/15/28522094-1_l_5.jpg,东野圭吾：沉默的巡游 ,191753条评论,沈从文,2020-03-01,¥32.40,¥59.00,5.5折
2020,35.,http://img3m6.ddimg.cn/14/34/28994936-1_l_9.jpg,晚熟的人,451820条评论,毛姆,2020-07-01,¥44.60,¥59.00,7.6折
2020,36.,http://img3m2.ddimg.cn/31/24/25126132-1_l_16.jpg,童年,249500条评论,苏福忠,2017-08-01,¥11.50,¥25.00,4.6折
2020,37.,http://img3m6.ddimg.cn/34/34/25289386-1_l_25.jpg,小王子,266532条评论,蔡崇达,2018-07-19,¥12.00,¥26.00,4.6折
2020,38.,http://img3m7.ddimg.cn/77/15/24040247-1_l_41.jpg,细菌世界历险记 又名：灰尘的旅行 快乐读书吧四年级下册推荐 儿童,336711条评论,果麦文化,2021-04-01,¥10.30,¥22.80,4.5折
2020,39.,http://img3m0.ddimg.cn/37/36/27911800-1_l_1689313809.jpg,你想活出怎样的人生,242512条评论,克里斯多福・孟,2019-08-01,¥27.20,¥49.50,5.5折
2020,40.,http://img3m6.ddimg.cn/15/33/25298376-1_l_1701735101.jpg,小王子,1751338条评论,博集天卷,2018-06-03,¥19.90,¥39.80,5.0折
2020,41.,http://img3m3.ddimg.cn/40/6/27854383-1_l_1700529738.jpg,一看就会的思维导图启蒙绘本,252781条评论,歪歪兔关键期早教,2019-04-30,¥57.60,¥128.00,4.5折
2020,42.,http://img3m0.ddimg.cn/59/31/28522850-1_l_1701666255.jpg,霍乱时期的爱情,913686条评论,项目组,2020-03-01,¥49.60,¥69.00,7.2折
2020,43.,http://img3m6.ddimg.cn/7/21/23546266-1_l_12.jpg,夏洛的网,985402条评论,哥伦比亚,2014-08-01,¥18.20,¥26.00,7.0折
2020,44.,http://img3m7.ddimg.cn/84/13/23715237-1_l_15.jpg,人间词话,606975条评论,加西亚,2015-06-01,¥13.40,¥29.80,4.5折
2020,45.,http://img3m7.ddimg.cn/57/36/23946177-1_l_1688364382.jpg,我们的身体,713044条评论,马尔克斯,2012-06-01,¥60.50,¥155.00,3.9折
2020,46.,http://img3m0.ddimg.cn/27/8/27913770-1_l_15.jpg,我爸爸+我妈妈,991252条评论,新经典,2019-10-01,¥46.20,¥79.60,5.8折
2020,47.,http://img3m7.ddimg.cn/91/21/25261327-1_l_1689649032.jpg,米小圈上学记一年级,710768条评论,怀特,2018-04-01,¥50.00,¥100.00,5.0折
2020,48.,http://img3m8.ddimg.cn/42/6/23967348-1_l_19.jpg,我的第一本地理启蒙书,984886条评论,任溶溶,2016-06-01,¥24.90,¥49.80,5.0折
2020,49.,http://img3m0.ddimg.cn/77/3/25278440-1_l_8.jpg,任溶溶系列：没头脑和不高兴(注音版）,620731条评论,王国维,2018-04-01,¥15.00,¥18.00,8.3折
2020,50.,http://img3m5.ddimg.cn/31/23/25308985-1_l_1699941964.jpg,丰子恺万般滋味，都是生活,660459条评论,艾德兰,2018-09-01,¥21.00,¥42.00,5.0折
2020,51.,http://img3m0.ddimg.cn/28/30/24198400-1_l_14.jpg,我喜欢生命本来的样子(周国平经典散文作品集),708517条评论,巴尔博里尼,2017-02-01,¥22.10,¥45.00,4.9折
2020,52.,http://img3m8.ddimg.cn/37/30/25126138-1_l_17.jpg,海底两万里,324177条评论,乐乐趣,2017-09-01,¥11.50,¥25.00,4.6折
2020,53.,http://img3m9.ddimg.cn/57/20/26315049-1_l_28.jpg,稻草人,163686条评论,安东尼・布朗,2018-12-01,¥9.30,¥19.80,4.7折
2020,54.,http://img3m4.ddimg.cn/32/28/22819334-1_l_1694406380.jpg,围城,1217910条评论,启发童书馆,1991-02-01,¥29.20,¥39.00,7.5折
2020,55.,http://img3m8.ddimg.cn/49/9/27874588-1_l_16.jpg,钱穆谈中国历史文化：中国历史精神,140094条评论,北猫,2019-06-06,¥11.70,¥26.00,4.5折
2020,56.,http://img3m8.ddimg.cn/60/20/28984488-1_l_22.jpg,一个人就一个人,113957条评论,郑利强,2020-07-10,¥24.90,¥49.80,5.0折
2020,57.,http://img3m8.ddimg.cn/30/22/27902388-1_l_17.jpg,富爸爸穷爸爸,591136条评论,段虹,2019-08-01,¥44.50,¥89.00,5.0折
2020,58.,http://img3m8.ddimg.cn/61/18/25100818-1_l_15.jpg,红星照耀中国  青少版 八年级上册 人民文学出版社 团购电话40010,900625条评论,步印童书,2017-06-01,¥14.80,¥33.00,4.5折
2020,59.,http://img3m4.ddimg.cn/87/2/26509614-1_l_36.jpg,十万个为什么 快乐读书吧四年级下册推荐课外阅读青少版科普中小学,288815条评论,任溶溶,2018-10-01,¥10.30,¥22.80,4.5折
2020,60.,http://img3m4.ddimg.cn/49/29/24041704-1_l_13.jpg,东野圭吾：恶意,823187条评论,丰子恺,2016-11-01,¥26.30,¥39.50,6.7折
2020,61.,http://img3m4.ddimg.cn/81/18/23453874-1_l_27.jpg,福尔摩斯探案集 中小学生课外阅读指导丛书 无障碍阅读 彩插励志版,416546条评论,柯南,2021-04-01,¥8.00,¥17.80,4.5折
2020,62.,http://img3m0.ddimg.cn/88/28/23733160-1_l_9.jpg,儒林外史(56回全本，内容考证、文字句读全新修订版),336502条评论,道尔,2015-07-01,¥11.30,¥25.00,4.5折
2020,63.,http://img3m9.ddimg.cn/21/24/28495389-1_l_26.jpg,居里夫人的故事 小学生儿童文学三四五六年级8-9-10-12岁课外阅读,273568条评论,吴敬梓,2019-08-01,¥8.40,¥19.80,4.2折
2020,64.,http://img3m6.ddimg.cn/44/6/27922796-1_l_7.jpg,养育男孩,643565条评论,埃列娜·多丽,2019-09-10,¥19.90,¥39.80,5.0折
2020,65.,http://img3m4.ddimg.cn/96/20/25215594-1_l_11.jpg,一九八四,264638条评论,史蒂夫·比达尔夫,2018-02-05,¥14.40,¥32.00,4.5折
2020,66.,http://img3m2.ddimg.cn/46/31/25259302-1_l_25.jpg,银火箭少年科幻系列·第1辑,703384条评论,乔治·奥威尔,2018-04-02,¥115.20,¥256.00,4.5折
2020,67.,http://img3m0.ddimg.cn/10/35/25190560-1_l_15.jpg,吹牛大王历险记,199094条评论,傅霞,2017-12-01,¥8.70,¥19.00,4.6折
2020,68.,http://img3m6.ddimg.cn/33/6/25061586-1_l_17.jpg,汤姆·索亚历险记,259152条评论,刘慈欣,2017-04-01,¥11.00,¥24.00,4.6折
2020,69.,http://img3m7.ddimg.cn/57/15/23643237-1_l_16.jpg,爱的教育,302584条评论,赫伯特·乔治·威尔斯,2015-01-01,¥8.40,¥20.00,4.2折
2020,70.,http://img3m6.ddimg.cn/76/35/23427436-1_l_18.jpg,写给儿童的中国历史,1115793条评论,玛丽·雪莱,2014-04-01,¥177.50,¥355.00,5.0折
2020,71.,http://img3m2.ddimg.cn/1/34/24185602-1_l_25057.jpg,杀死一只知更鸟,787674条评论,小当当童书馆,2017-02-01,¥29.00,¥48.00,6.0折
2020,72.,http://img3m3.ddimg.cn/20/24/25257593-1_l_18.jpg,乌丢丢的奇遇,536676条评论,埃·拉斯伯,2015-04-01,¥9.40,¥18.80,5.0折
2020,73.,http://img3m0.ddimg.cn/40/15/27849730-1_l_32.jpg,我的神奇马桶,355027条评论,戈·毕尔格,2019-04-01,¥61.90,¥89.40,6.9折
2020,74.,http://img3m0.ddimg.cn/79/25/27907090-1_l_6.jpg,丁香医生366条健康辟谣，享受健康一整年,187058条评论,邵灵侠,2019-08-12,¥39.20,¥98.00,4.0折
2020,75.,http://img3m3.ddimg.cn/43/36/28470463-1_l_27.jpg,乖，摸摸头2.0,201891条评论,马克·吐温,2019-10-01,¥19.80,¥39.60,5.0折
2020,76.,http://img3m8.ddimg.cn/14/27/25208978-1_l_7.jpg,房思琪的初恋乐园 ,566807条评论,张友松,2018-02-01,¥24.80,¥45.00,5.5折
2020,77.,http://img3m1.ddimg.cn/67/19/28520581-1_l_5.jpg,养育女孩,545463条评论,亚米契斯,2020-03-23,¥19.90,¥39.80,5.0折
2020,78.,http://img3m2.ddimg.cn/96/32/25285092-1_l_5.jpg,天才在左 疯子在右(全新完整版),1591216条评论,Amicis,2018-05-01,¥35.80,¥49.80,7.2折
2020,79.,http://img3m4.ddimg.cn/7/16/25233424-1_l_6.jpg,DK幼儿百科全书——那些重要的事,398900条评论,夏丏尊,2017-07-01,¥92.50,¥138.00,6.7折
2020,80.,http://img3m2.ddimg.cn/49/27/26912902-1_l_4.jpg,宫西达也超级绘本,338693条评论,陈卫平,2019-02-01,¥93.00,¥186.00,5.0折
2020,81.,http://img3m0.ddimg.cn/28/4/27868330-1_l_9.jpg,资治通鉴少年简读版(套装全4册）附赠音频，扫码畅听！四册盒装，,115498条评论,何孝荣,2019-05-01,¥78.00,¥156.00,5.0折
2020,82.,http://img3m9.ddimg.cn/56/27/26482259-1_l_15.jpg,断舍离,402148条评论,侯振龙,2019-01-11,¥22.50,¥45.00,5.0折
2020,83.,http://img3m2.ddimg.cn/17/7/24044642-1_l_19.jpg,如何说孩子才会听 怎么听孩子才肯说,1099333条评论,山下英子,2016-09-01,¥18.40,¥36.80,5.0折
2020,84.,http://img3m4.ddimg.cn/46/23/26487694-1_l_7.jpg,浮生六记,152637条评论,博集天卷,2019-02-01,¥15.80,¥35.00,4.5折
2020,85.,http://img3m6.ddimg.cn/33/8/28549356-1_l_27.jpg,东野圭吾：祈念守护人,122583条评论,玛兹丽施,2020-06-01,¥32.40,¥59.00,5.5折
2020,86.,http://img3m5.ddimg.cn/62/30/28558295-1_l_1701930263.jpg,2023中华人民共和国民法典,332754条评论,安燕玲,2020-06-01,¥42.20,¥65.00,6.5折
2020,87.,http://img3m6.ddimg.cn/12/7/23379456-1_l_35.jpg,尼尔斯骑鹅旅行记 快乐读书吧 六年级下册推荐阅读(中小学生课外阅,281369条评论,青豆书坊,2021-04-01,¥7.60,¥16.80,4.5折
2020,88.,http://img3m9.ddimg.cn/75/6/25067469-1_l_34.jpg,小王子,207299条评论,沈复,2017-04-01,¥10.30,¥22.80,4.5折
2020,89.,http://img3m8.ddimg.cn/87/1/25289538-1_l_9.jpg,小熊宝宝绘本,1074943条评论,梦窗,2007-05-16,¥48.00,¥96.00,5.0折
2020,90.,http://img3m2.ddimg.cn/10/32/24021172-1_l_18.jpg,古文观止,304935条评论,东野圭吾,2016-09-01,¥23.40,¥52.00,4.5折
2020,91.,http://img3m7.ddimg.cn/34/12/23909227-1_l_1696910398.jpg,不吼不叫：如何平静地让孩子与父母合作,436307条评论,新经典,2016-03-01,¥16.40,¥32.80,5.0折
2020,92.,http://img3m3.ddimg.cn/17/24/27947123-1_l_12.jpg,半小时漫画唐诗系列,306194条评论,中国法制出版社,2019-10-11,¥49.90,¥99.80,5.0折
2020,93.,http://img3m8.ddimg.cn/92/3/23464478-1_l_10.jpg,东野圭吾：解忧杂货店,2306629条评论,拉格洛夫,2014-05-01,¥29.60,¥39.50,7.5折
2020,94.,http://img3m1.ddimg.cn/8/17/24105221-1_l_82.jpg,小鸡球球触感玩具书：全5册,419996条评论,埃克苏佩里,2016-11-15,¥140.00,¥250.00,5.6折
2020,95.,http://img3m8.ddimg.cn/38/0/23878838-1_l_11.jpg,米小圈脑筋急转弯,719203条评论,梅思繁,2016-01-01,¥32.00,¥64.00,5.0折
2020,96.,http://img3m7.ddimg.cn/49/27/28469677-1_l_33.jpg,了不起的我：自我发展的心理学,196785条评论,小当当童书馆,2019-11-01,¥34.90,¥69.00,5.1折
2020,97.,http://img3m2.ddimg.cn/65/6/27931232-1_l_6.jpg,半小时漫画中国史1-4+世界史,566130条评论,佐佐木洋子,2019-09-26,¥144.50,¥209.50,6.9折
2020,98.,http://img3m6.ddimg.cn/37/10/24079906-1_l_24.jpg,宫西达也恐龙系列全套7册,568434条评论,蒲蒲兰,2016-11-01,¥84.40,¥126.00,6.7折
2020,99.,http://img3m9.ddimg.cn/93/8/25092039-1_l_4.jpg,活着,583613条评论,吴楚材,2017-06-01,¥23.30,¥35.00,6.7折
2020,100.,http://img3m5.ddimg.cn/77/10/28547915-1_l_21.jpg,心 稻盛和夫的一生嘱托,237569条评论,吴调侯,2020-04-01,¥29.50,¥59.00,5.0折
2020,101.,http://img3m8.ddimg.cn/56/19/26315048-1_l_42.jpg,尼尔斯骑鹅旅行记,171538条评论,塞尔玛·拉格洛夫,2018-12-01,¥11.20,¥24.80,4.5折
2020,102.,http://img3m4.ddimg.cn/49/19/25284154-1_l_29.jpg,我们仨,1629473条评论,石琴娥,2018-06-01,¥21.00,¥28.00,7.5折
2020,103.,http://img3m9.ddimg.cn/71/33/28992419-1_l_1698919928.jpg,蛤蟆先生去看心理医生,1707084条评论,小当当童书馆,2020-07-01,¥19.00,¥38.00,5.0折
2020,104.,http://img3m2.ddimg.cn/52/5/23696692-1_l_16.jpg,城南旧事,282502条评论,杨绛,2015-06-01,¥9.20,¥20.00,4.6折
2020,105.,http://img3m7.ddimg.cn/13/6/25203037-1_l_7.jpg,局外人·鼠疫,144345条评论,罗伯特·戴博德,2018-01-01,¥14.90,¥33.00,4.5折
2020,106.,http://img3m0.ddimg.cn/45/11/28528380-1_l_15.jpg,妈妈知道怎么办：一学就通的养育法 俞敏洪、马东、凯叔、王芳 强,81011条评论,果麦文化,2020-04-22,¥56.80,¥128.00,4.4折
2020,107.,http://img3m6.ddimg.cn/35/28/25126136-1_l_13.jpg,骆驼祥子,209554条评论,林海音,2017-08-01,¥9.20,¥22.00,4.2折
2020,108.,http://img3m0.ddimg.cn/2/32/28492400-1_l_17.jpg,爱上阅读的秘密：儿童分级阅读启蒙,63290条评论,﹝法﹞阿尔贝·加缪,2020-01-01,¥88.40,¥136.00,6.5折
2020,109.,http://img3m5.ddimg.cn/48/14/27883695-1_l_31.jpg,快乐读书吧 二年级上册推荐阅读 小鲤鱼跳龙门 一只想飞的猫 孤独,246549条评论,李玉民,2019-06-01,¥52.30,¥109.00,4.8折
2020,110.,http://img3m0.ddimg.cn/77/11/26445650-1_l_12.jpg,面纱,227303条评论,王小骞,2019-01-01,¥12.20,¥27.00,4.5折
2020,111.,http://img3m7.ddimg.cn/36/29/25126137-1_l_9.jpg,昆虫记,249704条评论,老舍,2017-09-01,¥19.30,¥42.00,4.6折
2020,112.,http://img3m9.ddimg.cn/26/1/25069499-1_l_12.jpg,五味太郎：小金鱼逃走了,393801条评论,大J,2017-04-01,¥17.50,¥35.00,5.0折
2020,113.,http://img3m0.ddimg.cn/16/20/25246600-1_l_11.jpg,审判,126805条评论,卢俊,2018-04-01,¥11.30,¥25.00,4.5折
2020,114.,http://img3m1.ddimg.cn/94/31/26193811-1_l_36.jpg,共情的力量：情商高的人，如何抚慰受伤的灵魂,281416条评论,金近,2019-01-01,¥24.90,¥49.80,5.0折
2020,115.,http://img3m1.ddimg.cn/79/2/25167661-1_l_8.jpg,红岩,817780条评论,陈伯吹,2017-09-01,¥22.70,¥36.00,6.3折
2020,116.,http://img3m9.ddimg.cn/58/11/27861529-1_l_121.jpg,作家榜名著：人间失格,116108条评论,冰波,2019-05-01,¥19.90,¥39.90,5.0折
2020,117.,http://img3m8.ddimg.cn/81/12/28514358-1_l_32.jpg,小兔子学花钱系列·3~7岁孩子的财商启蒙绘本,145889条评论,孙幼军,2020-03-13,¥78.40,¥128.40,6.1折
2020,118.,http://img3m8.ddimg.cn/55/35/23257828-1_l_15.jpg,不一样的卡梅拉手绘本,942692条评论,严文井,2013-06-01,¥60.00,¥120.00,5.0折
2020,119.,http://img3m0.ddimg.cn/28/14/23475700-1_l_30.jpg,野兽国 ,273328条评论,毛姆,2014-06-01,¥24.90,¥36.00,6.9折
2020,120.,http://img3m1.ddimg.cn/34/36/26487781-1_l_16.jpg,论语,131345条评论,王晋华,2019-01-01,¥17.50,¥38.00,4.6折
2020,121.,http://img3m8.ddimg.cn/58/16/23643238-1_l_1696647127.jpg,朝花夕拾,309834条评论,鲁迅,2015-01-01,¥7.60,¥18.00,4.2折
2020,122.,http://img3m9.ddimg.cn/74/1/23685329-1_l_49.jpg,岛上书店,1320053条评论,加·泽文,2015-05-08,¥24.10,¥35.00,6.9折
2020,123.,http://img3m3.ddimg.cn/73/19/28504153-1_l_3.jpg,人生,428626条评论,读客文化,2020-02-01,¥30.00,¥45.00,6.7折
2020,124.,http://img3m8.ddimg.cn/34/15/26510848-1_l_1691636310.jpg,走遍中国 图说天下 寻梦之旅,596214条评论,路遥,2019-02-01,¥26.30,¥29.90,8.8折
2020,125.,http://img3m4.ddimg.cn/91/33/24242914-1_l_6.jpg,三毛全集02：撒哈拉的故事,436701条评论,新经典,2017-04-01,¥24.10,¥35.00,6.9折
2020,126.,http://img3m7.ddimg.cn/36/32/25284537-1_l_1689566292.jpg,手不是用来打人的,499874条评论,霍晨昕,2018-04-01,¥49.50,¥99.00,5.0折
2020,127.,http://img3m2.ddimg.cn/1/27/23718322-1_l_16.jpg,无声告白,543671条评论,三毛,2016-09-01,¥21.30,¥35.00,6.1折
2020,128.,http://img3m6.ddimg.cn/28/30/27941986-1_l_9.jpg,夏天、烟火和我的尸体,307548条评论,新经典,2019-09-01,¥24.70,¥45.00,5.5折
2020,129.,http://img3m2.ddimg.cn/39/28/23696382-1_l_13.jpg,安徒生童话,226881条评论,伊丽莎白·弗迪克,2015-05-01,¥9.20,¥20.00,4.6折
2020,130.,http://img3m3.ddimg.cn/38/24/27948233-1_l_6.jpg,半小时漫画经济学：生活常识篇+金融危机篇,99644条评论,玛丁妮·阿加西,2019-10-15,¥70.30,¥101.90,6.9折
2020,131.,http://img3m6.ddimg.cn/89/8/23851466-1_l_48.jpg,学会爱自己,404597条评论,玛丽卡·海因莱因,2016-02-01,¥96.00,¥192.00,5.0折
2020,132.,http://img3m5.ddimg.cn/91/23/23752765-1_l_14.jpg,简爱,295212条评论,陈薇薇,2015-08-01,¥13.40,¥29.80,4.5折
2020,133.,http://img3m8.ddimg.cn/78/16/24040248-1_l_34.jpg,爷爷的爷爷哪里来：人类起源的演化过程 快乐读书吧四年级下册课外,148932条评论,刘宣谷,2021-06-01,¥10.30,¥22.80,4.5折
2020,134.,http://img3m3.ddimg.cn/51/10/27874293-1_l_9.jpg,月亮与六便士,128783条评论,伍绮诗,2019-06-01,¥20.30,¥45.00,4.5折
2020,135.,http://img3m3.ddimg.cn/87/17/25261323-1_l_19.jpg,米小圈上学记二年级,483638条评论,孙璐,2018-04-01,¥50.00,¥100.00,5.0折
2020,136.,http://img3m8.ddimg.cn/40/0/25211578-1_l_26.jpg,苏东坡传,1031904条评论,读客文化,2018-01-01,¥26.00,¥52.00,5.0折
2020,137.,http://img3m8.ddimg.cn/26/2/28527668-1_l_8.jpg,半小时漫画宋词,77889条评论,乙一,2020-04-01,¥27.45,¥54.90,5.0折
2020,138.,http://img3m0.ddimg.cn/22/25/28495390-1_l_1702448269.jpg,胡桃夹子 小学生儿童文学三四五六年级8-9-10-12岁课外阅读书籍青,159551条评论,新经典,2019-08-01,¥8.40,¥19.80,4.2折
2020,139.,http://img3m6.ddimg.cn/21/10/24516876-1_l_5.jpg,沉默的大多数,246128条评论,安徒生,2017-04-01,¥27.30,¥35.00,7.8折
2020,140.,http://img3m1.ddimg.cn/43/31/23417701-1_l_1691403012.jpg,0-4岁幼儿认知小百科,547725条评论,叶君健,2014-02-01,¥59.00,¥119.40,4.9折
2020,141.,http://img3m6.ddimg.cn/87/30/25243206-1_l_1692698429.jpg,神奇校车・动画版,560095条评论,乔安娜柯尔,2011-04-05,¥59.00,¥118.00,5.0折
2020,142.,http://img3m5.ddimg.cn/97/21/25215595-1_l_8.jpg,人类群星闪耀时,173980条评论,布鲁斯迪根,2018-01-15,¥12.60,¥28.00,4.5折
2020,143.,http://img3m3.ddimg.cn/92/29/26516153-1_l_18.jpg,局外人,245764条评论,斯蒂芬・茨威格,2019-03-01,¥22.50,¥45.00,5.0折
2020,144.,http://img3m0.ddimg.cn/37/6/25338790-1_l_1702268036.jpg,神奇的逻辑思维游戏书,325527条评论,潘子力,2018-10-01,¥22.50,¥45.00,5.0折
2020,145.,http://img3m0.ddimg.cn/58/21/26315050-1_l_39.jpg,宝葫芦的秘密,98316条评论,高中甫,2018-12-01,¥10.30,¥22.80,4.5折
2020,146.,http://img3m0.ddimg.cn/60/18/23643240-1_l_16.jpg,假如给我三天光明,285231条评论,加缪,2015-01-01,¥7.60,¥18.00,4.2折
2020,147.,http://img3m3.ddimg.cn/25/3/24183943-1_l_1698114186.jpg,作家榜名著：老人与海,356181条评论,读客文化,2017-02-20,¥19.90,¥39.80,5.0折
2020,148.,http://img3m0.ddimg.cn/50/21/28529870-1_l_12.jpg,陪孩子终身成长,183181条评论,索尼国际教育公司,2020-04-01,¥46.70,¥59.00,7.9折
2020,149.,http://img3m9.ddimg.cn/73/31/23504059-1_l_13.jpg,小猪唏哩呼噜(注音版上、下),599297条评论,阳光博客,2014-07-01,¥20.10,¥30.00,6.7折
2020,150.,http://img3m5.ddimg.cn/35/5/24240185-1_l_2.jpg,细菌世界历险记 又名:灰尘的旅行,101631条评论,张天翼,2017-03-01,¥21.40,¥26.80,8.0折
2020,151.,http://img3m0.ddimg.cn/88/12/28504960-1_l_32.jpg,穿过地平线 又名:看看我们的地球 快乐读书吧 四年级下册课外阅读,129501条评论,小当当童书馆,2019-12-01,¥11.20,¥24.80,4.5折
2020,152.,http://img3m2.ddimg.cn/30/32/27898032-1_l_30.jpg,中国民间故事 田螺姑娘 快乐读书吧五年级上册推荐阅读(中小学生课,239121条评论,凯勒,2019-06-01,¥10.30,¥22.80,4.5折
2020,153.,http://img3m7.ddimg.cn/38/28/25575797-1_l_13.jpg,罗尔德・达尔作品典藏,394948条评论,吴君芳,2018-09-01,¥14.00,¥28.00,5.0折
2020,154.,http://img3m2.ddimg.cn/6/26/27852072-1_l_52.jpg,斯凯瑞金色童书・益智经典,402959条评论,王一凡,2019-05-01,¥49.00,¥98.00,5.0折
2020,155.,http://img3m9.ddimg.cn/23/12/25201859-1_l_1698985798.jpg,钝感力,843193条评论,海明威,2018-01-01,¥16.00,¥32.00,5.0折
2020,156.,http://img3m9.ddimg.cn/41/14/25336319-1_l_22.jpg,漫长的告别,368859条评论,作家榜经典名,2018-08-23,¥34.50,¥69.00,5.0折
2020,157.,http://img3m8.ddimg.cn/29/35/25309478-1_l_1698224085.jpg,小巴掌童话注音版8册百篇张秋生著 小学生课外读本,368044条评论,鲁羊,2023-06-30,¥39.80,¥110.40,3.6折
2020,158.,http://img3m5.ddimg.cn/98/24/27871865-1_l_41.jpg,笑背古诗：漫画版,218004条评论,樊登,2019-05-01,¥82.60,¥140.00,5.9折
2020,159.,http://img3m5.ddimg.cn/64/14/25102405-1_l_8.jpg,把坏脾气收起来,357440条评论,磨铁文化,2017-08-01,¥18.00,¥36.00,5.0折
2020,160.,http://img3m2.ddimg.cn/2/21/27950672-1_l_17.jpg,这就是二十四节气：升级版 全四册(文津图书奖获奖图书，请认准正,733508条评论,孙幼军,2019-11-01,¥75.00,¥150.00,5.0折
2020,161.,http://img3m5.ddimg.cn/44/36/27942695-1_l_24.jpg,我不敢说，我怕被骂――邓超微博推荐的绘本 带给孩子更多勇气和自,597000条评论,皮姆・范・赫斯特,2019-11-01,¥19.90,¥39.80,5.0折
2020,162.,http://img3m1.ddimg.cn/9/22/102771-1_l_1691995673.jpg,红楼梦原著版,827162条评论,启发童书馆,1982-03-01,¥36.40,¥59.70,6.1折
2020,163.,http://img3m8.ddimg.cn/74/0/23435948-1_l_1695112122.jpg,金奖好书 小学生必背古诗词75+80首全国通用1-6年级含统编版人教版,545342条评论,曹雪芹,2014-02-01,¥14.00,¥28.00,5.0折
2020,164.,http://img3m4.ddimg.cn/69/33/22732944-1_l_23.jpg,你好！数学,285430条评论,说词解字辞书研究中心,2012-04-01,¥93.60,¥240.00,3.9折
2020,165.,http://img3m9.ddimg.cn/84/5/25309929-1_l_15.jpg,狼王梦,759647条评论,申惠恩,2018-07-01,¥15.60,¥26.00,6.0折
2020,166.,http://img3m5.ddimg.cn/95/19/23618525-1_l_11.jpg,呼兰河传,305969条评论,赵美子,2014-12-01,¥13.20,¥28.80,4.6折
2020,167.,http://img3m4.ddimg.cn/87/5/24103914-1_l_31.jpg,漫画万物由来,138541条评论,仇艳,2016-11-01,¥44.10,¥98.00,4.5折
2020,168.,http://img3m3.ddimg.cn/38/27/25102973-1_l_4.jpg,明朝那些事儿全集 增补版,427259条评论,沈石溪,2017-05-01,¥181.50,¥297.00,6.1折
2020,169.,http://img3m3.ddimg.cn/15/17/25084833-1_l_17.jpg,我有友情要出租,296799条评论,萧红,2017-05-01,¥9.90,¥18.00,5.5折
2020,170.,http://img3m2.ddimg.cn/41/5/23949032-1_l_14.jpg,青铜葵花正版曹文轩纯美小说7-8-9-10-12岁草房子系列儿童文学校园,516034条评论,郭翔,2016-04-01,¥15.80,¥22.00,7.2折
2020,171.,http://img3m1.ddimg.cn/29/31/24198401-1_l_23.jpg,大林和小林,134472条评论,小当当童书馆,2017-03-01,¥8.10,¥18.00,4.5折
2020,172.,http://img3m7.ddimg.cn/54/27/22790547-1_l_3.jpg,全球最美的100个地方 图说天下 国家地理,389675条评论,当年明月,2012-06-01,¥7.90,¥19.90,4.0折
2020,173.,http://img3m0.ddimg.cn/92/17/28479620-1_l_15.jpg,花婆婆――清华附小推荐的经典绘本！美国国家图书奖作品！,593174条评论,磨铁图书,2019-11-11,¥19.90,¥39.80,5.0折
2020,174.,http://img3m6.ddimg.cn/55/19/26916076-1_l_5.jpg,100层的房子系列,297285条评论,方素珍,2018-08-01,¥78.00,¥156.00,5.0折
2020,175.,http://img3m9.ddimg.cn/73/16/25239529-1_l_9.jpg,挪威的森林,469380条评论,郝洛玟,2018-03-01,¥27.00,¥38.00,7.1折
2020,176.,http://img3m5.ddimg.cn/98/7/23445575-1_l_17.jpg,万历十五年 一本好书 腾讯视频栏目推荐,899788条评论,曹文轩,2006-06-01,¥16.90,¥26.00,6.5折
2020,177.,http://img3m0.ddimg.cn/27/0/23413230-1_l_4.jpg,毛泽东选集,264510条评论,张天翼,1991-06-01,¥56.70,¥81.00,7.0折
2020,178.,http://img3m3.ddimg.cn/86/4/28536143-1_l_36.jpg,语言表达第一课,73608条评论,图书天下・国家地理,2020-04-01,¥54.00,¥108.00,5.0折
2020,179.,http://img3m7.ddimg.cn/49/15/22854397-1_l_1688187739.jpg,稻草人 快乐读书吧 三年级上册推荐阅读(中小学生课外阅读指导丛书,397881条评论,芭芭拉库尼,2012-06-01,¥7.10,¥15.80,4.5折
2020,180.,http://img3m8.ddimg.cn/50/28/25172978-1_l_1689731783.jpg,牧羊少年奇幻之旅,692535条评论,启发童书馆,2018-01-01,¥24.10,¥35.00,6.9折
2021,1.,http://img3m9.ddimg.cn/71/33/28992419-1_l_1698919928.jpg,蛤蟆先生去看心理医生,1707084条评论,罗伯特·戴博德,2020-07-01,¥19.00,¥38.00,5.0折
2021,2.,http://img3m1.ddimg.cn/80/1/23778791-1_l_29.jpg,少年读史记,1352991条评论,果麦文化,2015-09-01,¥50.00,¥100.00,5.0折
2021,3.,http://img3m2.ddimg.cn/0/27/28473192-1_l_22.jpg,你当像鸟飞往你的山,1627497条评论,张嘉骅,2019-11-01,¥34.80,¥59.00,5.9折
2021,4.,http://img3m1.ddimg.cn/13/1/29168581-1_l_1701421846.jpg,医路向前巍子给中国人的救护指南,529267条评论,塔拉,2020-12-01,¥53.80,¥68.00,7.9折
2021,5.,http://img3m6.ddimg.cn/83/20/25138856-1_l_7.jpg,马尔克斯：百年孤独,2343537条评论,韦斯特弗,2017-08-01,¥39.60,¥55.00,7.2折
2021,6.,http://img3m0.ddimg.cn/83/2/29199440-1_l_22.jpg,文城,420112条评论,新经典,2021-03-03,¥32.40,¥59.00,5.5折
2021,7.,http://img3m9.ddimg.cn/25/29/25246609-1_l_23.jpg,乌合之众 : 大众心理研究,746463条评论,医路向前巍子,2018-04-06,¥11.70,¥26.00,4.5折
2021,8.,http://img3m5.ddimg.cn/51/34/26921715-1_l_14.jpg,人生海海,1245379条评论,加西亚·马尔克斯,2019-04-16,¥34.50,¥55.00,6.3折
2021,9.,http://img3m9.ddimg.cn/77/23/25295369-1_l_1691567405.jpg,云边有个小卖部,1602212条评论,新经典,2018-07-01,¥28.00,¥42.00,6.7折
2021,10.,http://img3m2.ddimg.cn/62/32/25119332-1_l_19.jpg,东野圭吾：白夜行,2134486条评论,余华,2017-08-09,¥32.70,¥59.60,5.5折
2021,11.,http://img3m9.ddimg.cn/93/8/25092039-1_l_4.jpg,活着,583613条评论,新经典,2017-06-01,¥23.30,¥35.00,6.7折
2021,12.,http://img3m4.ddimg.cn/32/35/23579654-1_l_6.jpg,三体：全三册 刘慈欣代表作，亚洲“雨果奖”获奖作品！,2263421条评论,古斯塔夫·勒庞,2010-11-01,¥51.20,¥93.00,5.5折
2021,13.,http://img3m0.ddimg.cn/10/35/25190560-1_l_15.jpg,吹牛大王历险记,199094条评论,马晓佳,2017-12-01,¥8.70,¥19.00,4.6折
2021,14.,http://img3m6.ddimg.cn/34/34/25289386-1_l_25.jpg,小王子,266532条评论,麦家,2018-07-19,¥12.00,¥26.00,4.6折
2021,15.,http://img3m1.ddimg.cn/60/31/29288121-1_l_46977.jpg,天堂旅行团,171891条评论,新经典,2021-08-01,¥38.00,¥48.00,7.9折
2021,16.,http://img3m2.ddimg.cn/33/26/28518072-1_l_9.jpg,被讨厌的勇气：“自我启发之父”阿德勒的哲学课 岸见一郎,1280203条评论,张嘉佳,2020-03-05,¥27.50,¥55.00,5.0折
2021,17.,http://img3m3.ddimg.cn/3/5/28542693-1_l_1697018684.jpg,消失的13级台阶,371802条评论,博集天卷,2020-04-29,¥21.00,¥42.00,5.0折
2021,18.,http://img3m8.ddimg.cn/34/15/26510848-1_l_1691636310.jpg,走遍中国 图说天下 寻梦之旅,596214条评论,东野圭吾,2019-02-01,¥26.30,¥29.90,8.8折
2021,19.,http://img3m5.ddimg.cn/85/20/26482585-1_l_19.jpg,侦探与小偷 ,236878条评论,新经典,2019-01-01,¥11.20,¥24.80,4.5折
2021,20.,http://img3m0.ddimg.cn/62/10/28973600-1_l_8.jpg,万物由来科学绘本 写给孩子的科普绘本,479575条评论,余华,2020-08-01,¥35.70,¥42.00,8.5折
2021,21.,http://img3m2.ddimg.cn/16/24/28976722-1_l_1703232724.jpg,心安即是归处：季羡林百年生命智慧。央视《朗读者》多次动情朗读,520305条评论,季羡林,2020-08-01,¥15.00,¥49.00,3.1折
2021,22.,http://img3m2.ddimg.cn/1/34/24185602-1_l_25057.jpg,杀死一只知更鸟,787674条评论,文通天下,2017-02-01,¥29.00,¥48.00,6.0折
2021,23.,http://img3m0.ddimg.cn/64/6/23990140-1_l_46.jpg,正面管教(修订版),2120720条评论,哈珀·李,2016-07-01,¥19.00,¥38.00,5.0折
2021,24.,http://img3m2.ddimg.cn/31/24/25126132-1_l_16.jpg,童年,249500条评论,李育超,2017-08-01,¥11.50,¥25.00,4.6折
2021,25.,http://img3m1.ddimg.cn/66/15/24175371-1_l_1698114189.jpg,作家榜名著：月亮与六便士,1547199条评论,简·尼尔森,2017-01-10,¥19.90,¥39.80,5.0折
2021,26.,http://img3m0.ddimg.cn/61/3/23444350-1_l_1692697002.jpg,神奇校车·桥梁书版,1524156条评论,高尔基,2014-04-01,¥75.00,¥150.00,5.0折
2021,27.,http://img3m1.ddimg.cn/98/3/29151341-1_l_1695112244.jpg,趣说中国史：如果把中国422位皇帝放在一个群里他们会聊些什么  趣,219550条评论,郑海凌,2020-11-01,¥24.90,¥49.80,5.0折
2021,28.,http://img3m0.ddimg.cn/44/29/25259300-1_l_27.jpg,流浪的地球,703384条评论,毛姆,2018-05-01,¥13.10,¥29.00,4.5折
2021,29.,http://img3m2.ddimg.cn/54/5/29131992-1_l_21.jpg,致我独一无二的宝贝,108256条评论,作家榜经典名,2020-10-14,¥20.30,¥45.00,4.5折
2021,30.,http://img3m6.ddimg.cn/66/10/25272786-1_l_24.jpg,窗边的小豆豆(2018版),1698491条评论,徐淳刚,2018-05-01,¥27.20,¥39.50,6.9折
2021,31.,http://img3m1.ddimg.cn/31/4/20039611-1_l_36.jpg,小熊和最好的爸爸,1560075条评论,诗人,2007-11-01,¥17.50,¥35.00,5.0折
2021,32.,http://img3m0.ddimg.cn/77/11/26445650-1_l_12.jpg,面纱,227303条评论,大星文化,2019-01-01,¥12.20,¥27.00,4.5折
2021,33.,http://img3m8.ddimg.cn/82/19/25252408-1_l_1692697003.jpg,神奇校车·图画书版,1767654条评论,高更,2018-05-10,¥99.00,¥198.00,5.0折
2021,34.,http://img3m0.ddimg.cn/54/2/29215350-1_l_13.jpg,把自己当回事儿,193132条评论,乔安娜柯尔,2021-04-01,¥38.60,¥56.00,6.9折
2021,35.,http://img3m8.ddimg.cn/56/19/26315048-1_l_42.jpg,尼尔斯骑鹅旅行记,171538条评论,布鲁斯迪根,2018-12-01,¥11.20,¥24.80,4.5折
2021,36.,http://img3m2.ddimg.cn/73/2/25334272-1_l_4.jpg,非暴力沟通,958422条评论,施芳,2018-08-31,¥33.80,¥49.00,6.9折
2021,37.,http://img3m5.ddimg.cn/62/30/28558295-1_l_1701930263.jpg,2023中华人民共和国民法典,332754条评论,趣哥,2020-06-01,¥42.20,¥65.00,6.5折
2021,38.,http://img3m4.ddimg.cn/67/33/24184084-1_l_9.jpg,次第花开 修订版,845070条评论,刘慈欣,2017-02-01,¥19.90,¥39.80,5.0折
2021,39.,http://img3m1.ddimg.cn/96/4/29177871-1_l_15.jpg,小狗钱钱,376128条评论,小当当童书馆,2021-01-20,¥25.90,¥39.80,6.5折
2021,40.,http://img3m4.ddimg.cn/49/29/24041704-1_l_13.jpg,东野圭吾：恶意,823187条评论,沙尼·金,2016-11-01,¥26.30,¥39.50,6.7折
2021,41.,http://img3m5.ddimg.cn/30/35/29158995-1_l_37.jpg,沉默的病人,138988条评论,亚历克斯・麦克利兹,2020-11-30,¥31.00,¥45.00,6.9折
2021,42.,http://img3m9.ddimg.cn/21/24/28495389-1_l_26.jpg,居里夫人的故事 小学生儿童文学三四五六年级8-9-10-12岁课外阅读,273568条评论,读客文化,2019-08-01,¥8.40,¥19.80,4.2折
2021,43.,http://img3m1.ddimg.cn/75/26/29117361-1_l_11.jpg,东野圭吾：解忧杂货店,2612525条评论,埃列娜・多丽,2020-09-01,¥32.40,¥59.00,5.5折
2021,44.,http://img3m6.ddimg.cn/58/8/26490676-1_l_7.jpg,亲密关系：通往灵魂的桥梁,869105条评论,东野圭吾,2019-04-01,¥22.50,¥45.00,5.0折
2021,45.,http://img3m0.ddimg.cn/68/26/24170720-1_l_12.jpg,封神演义(青少版，依据原著改写成现代白话文，适合小学高年级和初,108492条评论,新经典,2017-01-01,¥11.80,¥28.00,4.2折
2021,46.,http://img3m8.ddimg.cn/64/22/25247638-1_l_19.jpg,谈判：如何在博弈中获得更多(第四版)Everything is Negotiable,268392条评论,克里斯多福・孟,2018-04-06,¥33.70,¥45.00,7.5折
2021,47.,http://img3m6.ddimg.cn/1/22/25083136-1_l_1698135840.jpg,学会管自己幼儿版-歪歪兔自控力教育系列绘本,241458条评论,博集天卷,2017-06-01,¥39.60,¥88.00,4.5折
2021,48.,http://img3m0.ddimg.cn/45/14/28503630-1_l_66.jpg,虫洞书简：给青少年的74封信,134627条评论,许仲琳,2020-01-01,¥27.40,¥39.80,6.9折
2021,49.,http://img3m0.ddimg.cn/21/14/29214030-1_l_27.jpg,碎嘴许美达的生活碎片,181990条评论,富强,2021-04-01,¥29.00,¥58.00,5.0折
2021,50.,http://img3m0.ddimg.cn/59/31/28522850-1_l_1701666255.jpg,霍乱时期的爱情,913686条评论,张燕均,2020-03-01,¥49.60,¥69.00,7.2折
2021,51.,http://img3m9.ddimg.cn/43/26/20086549-1_l_4.jpg,沉思录,439800条评论,盖温・肯尼迪,2008-02-01,¥10.00,¥20.00,5.0折
2021,52.,http://img3m8.ddimg.cn/61/18/25100818-1_l_15.jpg,红星照耀中国  青少版 八年级上册 人民文学出版社 团购电话40010,900625条评论,Gavin,2017-06-01,¥14.80,¥33.00,4.5折
2021,53.,http://img3m9.ddimg.cn/57/20/26315049-1_l_28.jpg,稻草人,163686条评论,Kennedy,2018-12-01,¥9.30,¥19.80,4.7折
2021,54.,http://img3m1.ddimg.cn/90/6/29253501-1_l_11.jpg,碎嘴许美达的生活碎片,278409条评论,歪歪兔关键期早教项目组,2021-06-01,¥29.98,¥58.00,5.2折
2021,55.,http://img3m0.ddimg.cn/44/3/29222270-1_l_30.jpg,考试脑科学 脑科学中的高效记忆法,208493条评论,王溢嘉,2021-03-01,¥29.90,¥59.80,5.0折
2021,56.,http://img3m9.ddimg.cn/23/12/25201859-1_l_1698985798.jpg,钝感力,843193条评论,许美达,2018-01-01,¥16.00,¥32.00,5.0折
2021,57.,http://img3m0.ddimg.cn/16/20/25246600-1_l_11.jpg,审判,126805条评论,哥伦比亚,2018-04-01,¥11.30,¥25.00,4.5折
2021,58.,http://img3m9.ddimg.cn/81/16/29251809-1_l_1689230064.jpg,沟通的方法,166582条评论,加西亚,2021-06-11,¥49.00,¥69.00,7.1折
2021,59.,http://img3m5.ddimg.cn/31/23/25308985-1_l_1699941964.jpg,丰子恺万般滋味，都是生活,660459条评论,马尔克斯,2018-09-01,¥21.00,¥42.00,5.0折
2021,60.,http://img3m0.ddimg.cn/27/0/23413230-1_l_4.jpg,毛泽东选集,264510条评论,新经典,1991-06-01,¥56.70,¥81.00,7.0折
2021,61.,http://img3m9.ddimg.cn/3/1/26922459-1_l_17.jpg,边城,221231条评论,沈从文,2019-04-01,¥14.40,¥32.00,4.5折
2021,62.,http://img3m4.ddimg.cn/32/28/22819334-1_l_1694406380.jpg,围城,1217910条评论,钱钟书,1991-02-01,¥29.20,¥39.00,7.5折
2021,63.,http://img3m4.ddimg.cn/31/1/29152264-1_l_65.jpg,孩子读得懂的山海经,322770条评论,兰梦醒,2020-11-04,¥89.00,¥219.00,4.1折
2021,64.,http://img3m0.ddimg.cn/73/9/28534150-1_l_9.jpg,笑场,147597条评论,贺维芳,2020-04-01,¥24.90,¥49.80,5.0折
2021,65.,http://img3m1.ddimg.cn/79/24/29174191-1_l_1690863867.jpg,走遍世界 图说天下 寻梦之旅,258967条评论,许萍萍,2020-12-01,¥26.30,¥29.90,8.8折
2021,66.,http://img3m8.ddimg.cn/37/30/25126138-1_l_17.jpg,海底两万里,324177条评论,青鸟童书,2017-09-01,¥11.50,¥25.00,4.6折
2021,67.,http://img3m7.ddimg.cn/53/10/29126447-1_l_18.jpg,减糖生活,178783条评论,李诞,2020-10-01,¥29.00,¥58.00,5.0折
2021,68.,http://img3m8.ddimg.cn/49/9/27874588-1_l_16.jpg,钱穆谈中国历史文化：中国历史精神,140094条评论,磨铁文化,2019-06-06,¥11.70,¥26.00,4.5折
2021,69.,http://img3m2.ddimg.cn/41/25/25090502-1_l_7.jpg,平凡的世界：全三册,1449694条评论,王秀莉,2017-06-01,¥84.20,¥108.00,7.8折
2021,70.,http://img3m7.ddimg.cn/36/29/25126137-1_l_9.jpg,昆虫记,249704条评论,儒勒・凡尔纳,2017-09-01,¥19.30,¥42.00,4.6折
2021,71.,http://img3m9.ddimg.cn/24/1/29121369-1_l_9.jpg,半小时漫画历史系列,1538955条评论,陈筱卿,2020-09-30,¥178.90,¥259.40,6.9折
2021,72.,http://img3m5.ddimg.cn/48/14/27883695-1_l_31.jpg,快乐读书吧 二年级上册推荐阅读 小鲤鱼跳龙门 一只想飞的猫 孤独,246549条评论,水野雅登,2019-06-01,¥52.30,¥109.00,4.8折
2021,73.,http://img3m5.ddimg.cn/98/2/28517345-1_l_13.jpg,你就是孩子最好的玩具,864558条评论,快读慢活,2020-03-01,¥18.00,¥36.00,5.0折
2021,74.,http://img3m6.ddimg.cn/39/17/27931206-1_l_582.jpg,人间值得,720232条评论,钱穆,2019-09-01,¥24.90,¥49.90,5.0折
2021,75.,http://img3m5.ddimg.cn/74/6/28987175-1_l_1691744212.jpg,二十四节气自然绘本 让孩子了解自然的瞬息万变 科普百科绘本,268072条评论,路遥,2020-08-01,¥67.90,¥79.90,8.5折
2021,76.,http://img3m1.ddimg.cn/23/26/28495391-1_l_26.jpg,捣蛋鬼日记 小学生儿童文学三四五六年级8-9-10-12岁课外阅读书籍,149628条评论,新经典,2019-08-01,¥8.40,¥19.80,4.2折
2021,77.,http://img3m4.ddimg.cn/62/25/26315054-1_l_42.jpg,小鹿斑比,97248条评论,亨利・法布尔,2018-12-01,¥4.50,¥19.80,2.3折
2021,78.,http://img3m0.ddimg.cn/50/3/23696690-1_l_16.jpg,宝葫芦的秘密,228048条评论,陈筱卿,2015-06-01,¥6.30,¥15.00,4.2折
2021,79.,http://img3m0.ddimg.cn/39/18/29246520-1_l_30.jpg,张文鹤护肤指南,155679条评论,陈磊,2021-04-01,¥32.50,¥65.00,5.0折
2021,80.,http://img3m1.ddimg.cn/34/36/26487781-1_l_16.jpg,论语,131345条评论,读客文化,2019-01-01,¥17.50,¥38.00,4.6折
2021,81.,http://img3m6.ddimg.cn/33/6/25061586-1_l_17.jpg,汤姆·索亚历险记,259152条评论,马克·吐温,2017-04-01,¥11.00,¥24.00,4.6折
2021,82.,http://img3m7.ddimg.cn/57/15/23643237-1_l_16.jpg,爱的教育,302584条评论,张友松,2015-01-01,¥8.40,¥20.00,4.2折
2021,83.,http://img3m6.ddimg.cn/15/33/25298376-1_l_1701735101.jpg,小王子,1751338条评论,亚米契斯,2018-06-03,¥19.90,¥39.80,5.0折
2021,84.,http://img3m7.ddimg.cn/23/17/25353527-1_l_15.jpg,遥远的救世主,583039条评论,Amicis,2018-10-09,¥24.00,¥48.00,5.0折
2021,85.,http://img3m1.ddimg.cn/78/18/29180031-1_l_28.jpg,刘擎西方现代思想讲义,161835条评论,夏丏尊,2021-01-17,¥48.00,¥79.00,6.1折
2021,86.,http://img3m0.ddimg.cn/88/28/23733160-1_l_9.jpg,儒林外史(56回全本，内容考证、文字句读全新修订版),336502条评论,安托万·德·圣埃克苏佩里,2015-07-01,¥11.30,¥25.00,4.5折
2021,87.,http://img3m6.ddimg.cn/89/8/23851466-1_l_48.jpg,学会爱自己,404597条评论,李继宏,2016-02-01,¥96.00,¥192.00,5.0折
2021,88.,http://img3m5.ddimg.cn/23/29/29122655-1_l_14.jpg,少年读徐霞客游记,123280条评论,果麦文化,2020-09-01,¥50.00,¥100.00,5.0折
2021,89.,http://img3m2.ddimg.cn/46/31/25259302-1_l_25.jpg,银火箭少年科幻系列·第1辑,703384条评论,豆豆,2018-04-02,¥115.20,¥256.00,4.5折
2021,90.,http://img3m8.ddimg.cn/30/22/27902388-1_l_17.jpg,富爸爸穷爸爸,591136条评论,刘擎,2019-08-01,¥44.50,¥89.00,5.0折
2021,91.,http://img3m8.ddimg.cn/75/14/25183398-1_l_13.jpg,大熊先生盖房子,112981条评论,得到图书,2017-11-01,¥20.30,¥45.00,4.5折
2021,92.,http://img3m4.ddimg.cn/87/2/26509614-1_l_36.jpg,十万个为什么 快乐读书吧四年级下册推荐课外阅读青少版科普中小学,288815条评论,吴敬梓,2018-10-01,¥10.30,¥22.80,4.5折
2021,93.,http://img3m3.ddimg.cn/23/25/29311943-1_l_34.jpg,活着,1303911条评论,珊蒂克雷文,2021-10-01,¥31.00,¥45.00,6.9折
2021,94.,http://img3m9.ddimg.cn/13/7/29177689-1_l_65.jpg,非自然死亡：我的法医笔记,169861条评论,茱蒂柏斯玛,2020-11-30,¥35.80,¥52.00,6.9折
2021,95.,http://img3m8.ddimg.cn/42/6/23967348-1_l_19.jpg,我的第一本地理启蒙书,984886条评论,刘兴诗,2016-06-01,¥24.90,¥49.80,5.0折
2021,96.,http://img3m0.ddimg.cn/27/8/27913770-1_l_15.jpg,我爸爸+我妈妈,991252条评论,刘慈欣,2019-10-01,¥46.20,¥79.60,5.8折
2021,97.,http://img3m8.ddimg.cn/38/0/23878838-1_l_11.jpg,米小圈脑筋急转弯,719203条评论,赫伯特·乔治·威尔斯,2016-01-01,¥32.00,¥64.00,5.0折
2021,98.,http://img3m8.ddimg.cn/86/8/28533668-1_l_1691711996.jpg,夏洛的网(2020版）,1299656条评论,玛丽·雪莱,2014-08-01,¥25.50,¥37.00,6.9折
2021,99.,http://img3m9.ddimg.cn/56/27/26482259-1_l_15.jpg,断舍离,402148条评论,小当当童书馆,2019-01-11,¥22.50,¥45.00,5.0折
2021,100.,http://img3m7.ddimg.cn/91/21/25261327-1_l_1689649032.jpg,米小圈上学记一年级,710768条评论,罗伯特·清崎,2018-04-01,¥50.00,¥100.00,5.0折
2021,101.,http://img3m2.ddimg.cn/17/7/24044642-1_l_19.jpg,如何说孩子才会听 怎么听孩子才肯说,1099333条评论,玛兹丽施,2016-09-01,¥18.40,¥36.80,5.0折
2021,102.,http://img3m6.ddimg.cn/31/11/24041686-1_l_11.jpg,爱丽丝漫游奇境记,179800条评论,安燕玲,2016-11-01,¥7.60,¥18.00,4.2折
2021,103.,http://img3m2.ddimg.cn/10/32/29002852-1_l_13.jpg,学习高手,181995条评论,青豆书坊,2020-08-01,¥43.50,¥55.00,7.9折
2021,104.,http://img3m2.ddimg.cn/14/2/28509242-1_l_14.jpg,古代人的日常生活,153034条评论,刘易斯·卡罗尔,2020-02-10,¥48.20,¥69.90,6.9折
2021,105.,http://img3m6.ddimg.cn/28/30/27941986-1_l_9.jpg,夏天、烟火和我的尸体,307548条评论,马爱农,2019-09-01,¥24.70,¥45.00,5.5折
2021,106.,http://img3m9.ddimg.cn/17/21/25231949-1_l_20.jpg,细菌世界历险记,75372条评论,李柘远,2018-02-05,¥12.00,¥26.00,4.6折
2021,107.,http://img3m7.ddimg.cn/17/35/26444897-1_l_37.jpg,汤姆·索亚历险记,94913条评论,磨铁图书,2018-12-01,¥11.20,¥24.80,4.5折
2021,108.,http://img3m3.ddimg.cn/23/8/29207993-1_l_28.jpg,烟与镜：尼尔·盖曼头皮发麻短篇集,80524条评论,讲历史的王老师,2021-03-31,¥33.10,¥48.00,6.9折
2021,109.,http://img3m3.ddimg.cn/51/10/27874293-1_l_9.jpg,月亮与六便士,128783条评论,读客文化,2019-06-01,¥20.30,¥45.00,4.5折
2021,110.,http://img3m0.ddimg.cn/60/18/23643240-1_l_16.jpg,假如给我三天光明,285231条评论,乙一,2015-01-01,¥7.60,¥18.00,4.2折
2021,111.,http://img3m4.ddimg.cn/96/20/25215594-1_l_11.jpg,一九八四,264638条评论,新经典,2018-02-05,¥14.40,¥32.00,4.5折
2021,112.,http://img3m9.ddimg.cn/26/1/25069499-1_l_12.jpg,五味太郎：小金鱼逃走了,393801条评论,高士其,2017-04-01,¥17.50,¥35.00,5.0折
2021,113.,http://img3m0.ddimg.cn/22/25/28495390-1_l_1702448269.jpg,胡桃夹子 小学生儿童文学三四五六年级8-9-10-12岁课外阅读书籍青,159551条评论,马克·吐温,2019-08-01,¥8.40,¥19.80,4.2折
2021,114.,http://img3m1.ddimg.cn/79/2/25167661-1_l_8.jpg,红岩,817780条评论,姚锦镕,2017-09-01,¥22.70,¥36.00,6.3折
2021,115.,http://img3m2.ddimg.cn/30/32/27898032-1_l_30.jpg,中国民间故事 田螺姑娘 快乐读书吧五年级上册推荐阅读(中小学生课,239121条评论,小当当童书馆出品,2019-06-01,¥10.30,¥22.80,4.5折
2021,116.,http://img3m2.ddimg.cn/52/5/23696692-1_l_16.jpg,城南旧事,282502条评论,尼尔·盖曼,2015-06-01,¥9.20,¥20.00,4.6折
2021,117.,http://img3m6.ddimg.cn/76/35/23427436-1_l_18.jpg,写给儿童的中国历史,1115793条评论,读客文化,2014-04-01,¥177.50,¥355.00,5.0折
2021,118.,http://img3m1.ddimg.cn/3/6/27872661-1_l_49.jpg,皮囊,1355395条评论,毛姆,2019-05-01,¥24.90,¥49.80,5.0折
2021,119.,http://img3m4.ddimg.cn/34/12/29253544-1_l_1701235932.jpg,平凡的世界：全三册,1161592条评论,苏福忠,2021-06-01,¥98.00,¥138.00,7.1折
2021,120.,http://img3m1.ddimg.cn/68/21/28535531-1_l_36.jpg,朝花夕拾(语文教材“名著导读”经典·七年级上。大语文理念打造：,97213条评论,凯勒,2020-04-21,¥12.00,¥26.00,4.6折
2021,121.,http://img3m4.ddimg.cn/13/31/25298374-1_l_22.jpg,皮特猫・3~6岁好性格养成书：第一辑,407495条评论,艾瑞克・利温,2018-07-01,¥69.95,¥139.90,5.0折
2021,122.,http://img3m7.ddimg.cn/84/13/23715237-1_l_15.jpg,人间词话,606975条评论,彭懿等,2015-06-01,¥13.40,¥29.80,4.5折
2021,123.,http://img3m7.ddimg.cn/25/29/27869317-1_l_14.jpg,小英雄雨来 ,107997条评论,读客文化,2019-04-01,¥12.10,¥26.80,4.5折
2021,124.,http://img3m8.ddimg.cn/27/20/25126128-1_l_1693207079.jpg,月亮和六便士,617827条评论,王国维,2017-09-01,¥12.20,¥27.00,4.5折
2021,125.,http://img3m6.ddimg.cn/54/21/27942606-1_l_1690857239.jpg,跟着诗词去旅行 图说天下 寻梦之旅,345819条评论,管桦,2019-09-01,¥26.30,¥29.90,8.8折
2021,126.,http://img3m2.ddimg.cn/71/28/25203392-1_l_20.jpg,神笔马良,111639条评论,小当当童书馆出品,2018-01-01,¥5.90,¥21.00,2.8折
2021,127.,http://img3m5.ddimg.cn/97/21/25215595-1_l_8.jpg,人类群星闪耀时,173980条评论,毛姆,2018-01-15,¥12.60,¥28.00,4.5折
2021,128.,http://img3m7.ddimg.cn/29/32/28495397-1_l_22.jpg,骆驼祥子 小学生儿童文学三四五六年级8-9-10-12岁课外阅读书籍青,133849条评论,苏福忠,2019-09-01,¥8.40,¥19.80,4.2折
2021,129.,http://img3m1.ddimg.cn/78/1/28526631-1_l_1692170889.jpg,大宇宙  和爸妈游太空  给孩子的手绘天文绘本,255574条评论,郝娟菡,2020-03-23,¥67.90,¥79.90,8.5折
2021,130.,http://img3m6.ddimg.cn/93/8/29117676-1_l_52.jpg,价值：我对投资的思考 ,222513条评论,洪汛涛,2020-09-30,¥59.00,¥118.00,5.0折
2021,131.,http://img3m7.ddimg.cn/57/36/23946177-1_l_1688364382.jpg,我们的身体,713044条评论,斯蒂芬・茨威格,2012-06-01,¥60.50,¥155.00,3.9折
2021,132.,http://img3m7.ddimg.cn/19/9/28553797-1_l_31.jpg,中华人民共和国民法典,136347条评论,潘子力,2020-06-01,¥12.00,¥30.00,4.0折
2021,133.,http://img3m8.ddimg.cn/80/33/29176568-1_l_27.jpg,沉默的大多数,391385条评论,高中甫,2021-01-01,¥32.40,¥59.00,5.5折
2021,134.,http://img3m8.ddimg.cn/68/29/25193588-1_l_25.jpg,愿你慢慢长大,248596条评论,老舍,2018-01-01,¥22.50,¥45.00,5.0折
2021,135.,http://img3m1.ddimg.cn/8/17/24105221-1_l_82.jpg,小鸡球球触感玩具书：全5册,419996条评论,马劲,2016-11-15,¥140.00,¥250.00,5.6折
2021,136.,http://img3m1.ddimg.cn/77/0/25072421-1_l_1687940577.jpg,外婆的道歉信,661835条评论,张磊,2017-05-01,¥21.00,¥42.00,5.0折
2021,137.,http://img3m2.ddimg.cn/46/8/29124262-1_l_5.jpg,那个不为人知的故事,278000条评论,湛庐文化,2020-10-01,¥21.00,¥42.00,5.0折
2021,138.,http://img3m2.ddimg.cn/80/26/29288042-1_l_12.jpg,古代人的日常生活2,43851条评论,艾德兰,2021-08-01,¥54.60,¥75.90,7.2折
2021,139.,http://img3m5.ddimg.cn/2/17/25154615-1_l_16.jpg,放学后,387940条评论,巴尔博里尼,2017-09-01,¥24.70,¥45.00,5.5折
2021,140.,http://img3m1.ddimg.cn/48/25/29180001-1_l_28.jpg,在峡江的转弯处：陈行甲人生笔记,139666条评论,乐乐趣,2021-01-26,¥24.00,¥48.00,5.0折
2021,141.,http://img3m8.ddimg.cn/40/0/25211578-1_l_26.jpg,苏东坡传,1031904条评论,林语堂,2018-01-01,¥26.00,¥52.00,5.0折
2021,142.,http://img3m3.ddimg.cn/88/28/20989573-1_l_17.jpg,科幻世界・三体(一),417275条评论,博集天卷,2008-01-01,¥18.20,¥23.00,7.9折
2021,143.,http://img3m1.ddimg.cn/22/12/29165521-1_l_14.jpg,半小时漫画中国史1-5,119095条评论,刘慈欣,2020-12-31,¥109.75,¥219.50,5.0折
2021,144.,http://img3m2.ddimg.cn/10/32/24021172-1_l_18.jpg,古文观止,304935条评论,科幻世界出品,2016-09-01,¥23.40,¥52.00,4.5折
2021,145.,http://img3m4.ddimg.cn/4/26/25251934-1_l_16.jpg,泰戈尔诗集：新月集・飞鸟集,162147条评论,陈磊,2018-04-09,¥9.70,¥21.00,4.6折
2021,146.,http://img3m8.ddimg.cn/81/20/29132118-1_l_1699957184.jpg,猜猜我有多爱你,339189条评论,读客文化,2020-09-01,¥22.00,¥43.80,5.0折
2021,147.,http://img3m1.ddimg.cn/9/22/102771-1_l_1691995673.jpg,红楼梦原著版,827162条评论,吴楚材,1982-03-01,¥36.40,¥59.70,6.1折
2021,148.,http://img3m5.ddimg.cn/9/33/25267185-1_l_5.jpg,俗世奇人,341072条评论,吴调侯,2018-04-01,¥14.00,¥28.00,5.0折
2021,149.,http://img3m2.ddimg.cn/39/28/23696382-1_l_13.jpg,安徒生童话,226881条评论,钱素洲,2015-05-01,¥9.20,¥20.00,4.6折
2021,150.,http://img3m8.ddimg.cn/81/12/28514358-1_l_32.jpg,小兔子学花钱系列・3~7岁孩子的财商启蒙绘本,145889条评论,泰戈尔,2020-03-13,¥78.40,¥128.40,6.1折
2021,151.,http://img3m5.ddimg.cn/0/9/23753565-1_l_11.jpg,大卫科波菲尔,149928条评论,郑振铎,2015-08-01,¥22.40,¥49.80,4.5折
2021,152.,http://img3m6.ddimg.cn/25/7/28525786-1_l_7.jpg,偷偷藏不住,184010条评论,山姆・麦克布雷尼,2020-04-01,¥32.80,¥59.80,5.5折
2021,153.,http://img3m7.ddimg.cn/38/28/25575797-1_l_13.jpg,罗尔德・达尔作品典藏,394948条评论,安妮塔・婕朗,2018-09-01,¥14.00,¥28.00,5.0折
2021,154.,http://img3m3.ddimg.cn/87/17/25261323-1_l_19.jpg,米小圈上学记二年级,483638条评论,梅子涵,2018-04-01,¥50.00,¥100.00,5.0折
2021,155.,http://img3m0.ddimg.cn/92/17/28479620-1_l_15.jpg,花婆婆――清华附小推荐的经典绘本！美国国家图书奖作品！,593174条评论,曹雪芹,2019-11-11,¥19.90,¥39.80,5.0折
2021,156.,http://img3m4.ddimg.cn/46/23/26487694-1_l_7.jpg,浮生六记,152637条评论,冯骥才,2019-02-01,¥15.80,¥35.00,4.5折
2021,157.,http://img3m6.ddimg.cn/25/12/23490646-1_l_6.jpg,东野圭吾：嫌疑人X的献身,877762条评论,安徒生,2014-06-01,¥24.10,¥35.00,6.9折
2021,158.,http://img3m8.ddimg.cn/30/33/28495398-1_l_24.jpg,青鸟 小学生儿童文学三四五六年级8-9-10-12岁课外阅读书籍青少年,146952条评论,叶君健,2019-08-01,¥8.40,¥19.80,4.2折
2021,159.,http://img3m8.ddimg.cn/8/27/27950678-1_l_1688187749.jpg,小英雄雨来 红色经典故事快乐读书吧六年级上册推荐阅读中小学生课,208199条评论,辛德斯・麦克劳德,2019-06-01,¥9.00,¥19.80,4.5折
2021,160.,http://img3m8.ddimg.cn/14/27/25208978-1_l_7.jpg,房思琪的初恋乐园 ,566807条评论,读客文化,2018-02-01,¥24.80,¥45.00,5.5折
2021,161.,http://img3m7.ddimg.cn/54/27/22790547-1_l_3.jpg,全球最美的100个地方 图说天下 国家地理,389675条评论,图书天下・国家地理,2012-06-01,¥7.90,¥19.90,4.0折
2021,162.,http://img3m3.ddimg.cn/68/20/23271503-1_l_25.jpg,断舍离,1101914条评论,山下英子,2013-07-01,¥25.20,¥32.00,7.9折
2021,163.,http://img3m7.ddimg.cn/15/1/25233927-1_l_1689230101.jpg,橘子不是唯一的水果,332427条评论,珍妮特・温特森,2018-04-01,¥26.90,¥49.00,5.5折
2021,164.,http://img3m1.ddimg.cn/78/2/27907881-1_l_22.jpg,世界博物馆奇妙之旅,97055条评论,新经典,2019-08-01,¥48.60,¥108.00,4.5折
2021,165.,http://img3m0.ddimg.cn/58/21/26315050-1_l_39.jpg,宝葫芦的秘密,98316条评论,徐晓燕,2018-12-01,¥10.30,¥22.80,4.5折
2021,166.,http://img3m4.ddimg.cn/35/28/28481444-1_l_1692244102.jpg,活法,442846条评论,黄纷纷,2019-11-01,¥26.60,¥38.00,7.0折
2021,167.,http://img3m9.ddimg.cn/22/7/24186019-1_l_19.jpg,人类简史：从动物到上帝,801192条评论,蒋佳宁,2017-01-01,¥34.00,¥68.00,5.0折
2021,168.,http://img3m6.ddimg.cn/14/34/28994936-1_l_9.jpg,晚熟的人,451820条评论,布克布克,2020-07-01,¥44.60,¥59.00,7.6折
2021,169.,http://img3m7.ddimg.cn/36/32/25284537-1_l_1689566292.jpg,手不是用来打人的,499874条评论,小当当童书馆,2018-04-01,¥49.50,¥99.00,5.0折
2021,170.,http://img3m9.ddimg.cn/97/25/28996999-1_l_40.jpg,啊2.0,787249条评论,张天翼,2020-08-01,¥24.20,¥39.60,6.1折
2021,171.,http://img3m2.ddimg.cn/2/21/27950672-1_l_17.jpg,这就是二十四节气：升级版 全四册(文津图书奖获奖图书，请认准正,733508条评论,小当当童书馆,2019-11-01,¥75.00,¥150.00,5.0折
2021,172.,http://img3m0.ddimg.cn/77/3/25278440-1_l_8.jpg,任溶溶系列：没头脑和不高兴(注音版）,620731条评论,稻盛和夫,2018-04-01,¥15.00,¥18.00,8.3折
2021,173.,http://img3m2.ddimg.cn/41/5/23949032-1_l_14.jpg,青铜葵花正版曹文轩纯美小说7-8-9-10-12岁草房子系列儿童文学校园,516034条评论,尤瓦尔・赫拉利,2016-04-01,¥15.80,¥22.00,7.2折
2021,174.,http://img3m9.ddimg.cn/96/2/27909879-1_l_9.jpg,这就是物理,251136条评论,Yuval,2019-07-01,¥99.00,¥200.00,5.0折
2021,175.,http://img3m5.ddimg.cn/91/23/23752765-1_l_14.jpg,简爱,295212条评论,Noah,2015-08-01,¥13.40,¥29.80,4.5折
2021,176.,http://img3m8.ddimg.cn/73/8/29211508-1_l_20.jpg,追风筝的人,1172922条评论,Harari,2006-05-01,¥22.50,¥45.00,5.0折
2021,177.,http://img3m4.ddimg.cn/72/7/28548504-1_l_1692170659.jpg,三十六计 小学生儿童文学三四五六年级7-9-10-12岁课外阅读书籍世,88162条评论,莫言,2016-06-01,¥8.40,¥19.80,4.2折
2021,178.,http://img3m4.ddimg.cn/14/2/25190564-1_l_1693804458.jpg,罗生门,463560条评论,伊丽莎白・弗迪克,2017-12-01,¥14.00,¥31.00,4.5折
2021,179.,http://img3m9.ddimg.cn/84/5/25309929-1_l_15.jpg,狼王梦,759647条评论,玛丁妮・阿加西,2018-07-01,¥15.60,¥26.00,6.0折
2021,180.,http://img3m2.ddimg.cn/1/6/29239552-1_l_22.jpg,字母表谜案,74411条评论,玛丽卡・海因莱因,2021-04-30,¥21.00,¥42.00,5.0折
